uid,gini,k_mean,k_max,top1_res,top1_k2,concentration_ratio,hotspot_fraction,n,f_alpha,f_beta
Q8TEW0,0.9602,68.3,58331.6,339,58331.6,854.0,0.6308,1354,0.14,0.1
Q13415,0.9912,1406.7,1127462.8,597,1127462.8,801.5,0.933,859,0.3,0.14
Q8NB25,0.9206,1014.6,812778.1,433,812778.1,801.1,0.7039,1138,0.85,0.0
O60449,0.938,82.2,63539.7,1677,63539.7,772.6,0.4492,1720,0.02,0.01
Q9ULL5,0.9392,33.4,25289.8,1966,25289.8,758.1,0.3727,2034,0.01,0.21
P43146,0.9587,97.5,71336.4,1106,71336.4,731.4,0.5061,1445,0.06,0.32
O14617,0.9299,322.3,220602.4,262,220602.4,684.4,0.5946,1151,0.5,0.1
Q8N6Y1,0.9585,117.6,78566.5,907,78566.5,668.3,0.7042,949,0.07,0.36
Q5T5P2,0.9277,65.3,42430.9,567,42430.9,649.7,0.3347,1941,0.01,0.21
P42702,0.9563,104.4,66044.4,27,66044.4,632.6,0.5777,1095,0.07,0.36
Q6PIJ6,0.948,131.9,82080.2,679,82080.2,622.4,0.5248,1186,0.2,0.12
Q4G0U5,0.9628,348.2,214782.2,457,214782.2,616.9,0.7361,838,0.24,0.14
O60658,0.9528,535.4,326499.3,811,326499.3,609.8,0.7374,827,0.48,0.09
Q6ZW49,0.957,283.2,170533.0,517,170533.0,602.1,0.5643,1067,0.29,0.09
Q9HBT6,0.9727,183.2,109824.2,627,109824.2,599.5,0.7504,799,0.09,0.3
Q56UN5,0.9249,32.2,19207.1,967,19207.1,596.9,0.4501,1326,0.12,0.04
O00329,0.9473,420.8,249899.6,148,249899.6,593.9,0.5699,1042,0.42,0.18
Q14667,0.9281,205.3,118368.5,1858,118368.5,576.6,0.2582,2233,0.02,0.01
Q9P203,0.9295,125.3,68720.8,373,68720.8,548.5,0.4854,1130,0.31,0.03
O15033,0.9484,203.0,108291.4,20,108291.4,533.4,0.6497,821,0.32,0.26
Q9UKL3,0.9317,46.7,23567.6,1106,23567.6,504.8,0.2549,1980,0.02,0.24
Q9Y5H4,0.9534,80.8,40642.7,705,40642.7,503.1,0.5416,929,0.1,0.3
A7XYQ1,0.9428,64.4,31750.8,263,31750.8,493.1,0.5661,871,0.1,0.04
Q5QGS0,0.9206,23.6,11410.7,541,11410.7,483.7,0.3195,1514,0.02,0.27
Q8N3V7,0.9437,55.3,26377.7,18,26377.7,477.1,0.5146,927,0.12,0.0
Q13523,0.9409,92.6,43848.9,871,43848.9,473.3,0.471,1005,0.24,0.07
O94910,0.9203,100.9,47128.1,1054,47128.1,467.0,0.3173,1472,0.26,0.18
Q07912,0.9382,100.7,46623.4,171,46623.4,463.2,0.4471,1036,0.24,0.09
O15240,0.9657,787.8,361435.5,471,361435.5,458.8,0.7485,613,0.38,0.02
Q13615,0.9227,78.1,35734.7,361,35734.7,457.8,0.3828,1196,0.26,0.08
Q6P1X5,0.9211,168.6,76145.1,476,76145.1,451.6,0.3773,1197,0.35,0.17
Q5JPE7,0.9266,42.5,18996.2,1168,18996.2,446.5,0.353,1265,0.05,0.45
Q9P0K1,0.9493,94.4,41412.3,366,41412.3,438.8,0.4854,904,0.18,0.21
Q9NRM1,0.9388,42.7,18614.1,30,18614.1,436.1,0.3826,1140,0.02,0.0
Q9UPP1,0.9541,91.5,39536.5,905,39536.5,432.0,0.4084,1058,0.2,0.09
Q6T4R5,0.9436,55.7,23621.2,114,23621.2,424.0,0.2571,1649,0.02,0.21
Q9BX69,0.9405,96.6,40506.6,284,40506.6,419.5,0.4053,1035,0.25,0.05
Q6TDU7,0.9297,372.6,150959.8,21,150959.8,405.1,0.5674,714,0.39,0.2
Q9Y5G0,0.9262,67.6,26897.9,313,26897.9,397.8,0.4319,921,0.09,0.3
Q9C0F0,0.9353,29.0,11451.5,2021,11451.5,394.6,0.1757,2246,0.02,0.3
Q96K76,0.9255,101.2,39859.7,1333,39859.7,394.0,0.287,1373,0.23,0.24
Q9NSC2,0.9438,77.8,30580.8,241,30580.8,392.8,0.2971,1322,0.17,0.03
Q5THK1,0.9211,17.9,6923.8,1882,6923.8,387.2,0.1802,2149,0.04,0.21
Q9H013,0.953,84.7,32067.8,708,32067.8,378.7,0.3974,953,0.16,0.19
Q9UBG0,0.9252,54.1,20445.5,1418,20445.5,377.9,0.2558,1477,0.18,0.26
Q9UKE5,0.9246,83.7,31372.3,446,31372.3,374.9,0.2761,1358,0.24,0.16
Q9NQI0,0.9312,86.5,31808.9,555,31808.9,367.8,0.5094,722,0.25,0.1
Q9Y5G3,0.9268,55.7,20431.2,363,20431.2,366.9,0.3967,925,0.09,0.3
Q86Y26,0.9238,56.5,20691.9,472,20691.9,366.0,0.3239,1130,0.17,0.0
Q96KG7,0.9573,49.9,17989.3,860,17989.3,360.4,0.3167,1138,0.08,0.23
Q9BXF3,0.9211,58.3,21016.3,283,21016.3,360.3,0.2431,1482,0.22,0.01
Q9Y5I2,0.9417,87.8,31401.3,11,31401.3,357.5,0.3779,946,0.08,0.3
Q00973,0.9634,316.3,112987.2,14,112987.2,357.2,0.6727,531,0.27,0.26
Q9BX26,0.9251,114.0,40500.1,1388,40500.1,355.4,0.2326,1528,0.01,0.16
Q14DG7,0.9588,108.3,38281.2,909,38281.2,353.4,0.3284,1076,0.08,0.34
P01133,0.9644,67.5,23770.4,1033,23770.4,352.2,0.2923,1205,0.06,0.32
Q8IXJ9,0.9249,23.7,8305.5,621,8305.5,350.6,0.2278,1539,0.02,0.23
Q9Y2I2,0.9544,43.4,15161.6,224,15161.6,349.5,0.6508,537,0.1,0.26
Q86SF2,0.9538,165.3,57564.4,461,57564.4,348.3,0.5318,655,0.29,0.2
P35443,0.9371,54.8,18964.7,895,18964.7,346.1,0.3609,959,0.12,0.26
Q9UKJ3,0.9208,28.9,9814.0,1325,9814.0,340.1,0.2267,1500,0.01,0.26
Q7Z5L7,0.9763,95.2,32269.8,598,32269.8,339.1,0.555,611,0.09,0.14
O95835,0.9252,86.0,29101.3,681,29101.3,338.6,0.3002,1128,0.24,0.04
Q9UPU9,0.9249,147.8,49559.8,78,49559.8,335.3,0.4683,716,0.38,0.0
O75376,0.9205,30.9,10352.6,646,10352.6,334.8,0.1373,2438,0.01,0.25
P14616,0.9243,47.5,15857.0,931,15857.0,334.0,0.2579,1295,0.16,0.25
Q8IYB3,0.9281,72.9,24145.2,145,24145.2,331.4,0.3674,902,0.18,0.0
Q9Y5F7,0.9293,66.1,21748.1,695,21748.1,329.1,0.3516,936,0.09,0.29
Q9BXA9,0.9468,62.4,20505.5,223,20505.5,328.6,0.2531,1298,0.14,0.03
Q9NYF8,0.9269,30.5,9968.0,569,9968.0,326.5,0.3557,918,0.09,0.0
Q658N2,0.9377,259.3,83786.1,500,83786.1,323.1,0.5639,573,0.35,0.15
Q96P65,0.9405,712.3,229343.4,263,229343.4,322.0,0.7505,429,0.68,0.04
Q9NYY3,0.9251,140.9,44928.6,671,44928.6,318.8,0.4668,683,0.29,0.18
Q9UIR0,0.9456,100.4,31940.5,15,31940.5,318.2,0.6629,480,0.14,0.46
Q6DD88,0.9213,586.5,185845.0,513,185845.0,316.9,0.5879,539,0.56,0.12
Q9BYC2,0.9534,75.3,23838.0,119,23838.0,316.7,0.6149,515,0.2,0.27
Q9H2G4,0.9431,172.0,54297.4,188,54297.4,315.7,0.4569,691,0.29,0.06
O15178,0.9699,165.7,52193.4,203,52193.4,315.0,0.7276,433,0.17,0.15
Q9H251,0.9226,55.2,17356.0,831,17356.0,314.6,0.2922,1077,0.1,0.31
Q6UXZ4,0.9294,66.8,20950.7,387,20950.7,313.4,0.3295,951,0.12,0.3
Q8IVT5,0.9489,139.5,43337.0,33,43337.0,310.7,0.3374,921,0.27,0.07
Q9H816,0.9512,116.5,36087.3,160,36087.3,309.8,0.5845,530,0.21,0.14
Q96HI0,0.922,176.8,54597.3,502,54597.3,308.9,0.4102,753,0.33,0.05
P52429,0.9402,216.5,66583.2,401,66583.2,307.6,0.5444,565,0.34,0.22
Q6P4Q7,0.9471,274.9,84019.5,550,84019.5,305.7,0.3954,773,0.37,0.18
Q9HC35,0.9242,38.8,11750.4,41,11750.4,302.7,0.3092,979,0.06,0.33
Q9Y5H1,0.9672,152.4,46009.4,704,46009.4,302.0,0.3247,930,0.11,0.3
Q9H5I1,0.9775,386.5,115931.6,123,115931.6,300.0,0.7353,408,0.22,0.22
Q9P267,0.9433,48.0,14344.6,103,14344.6,299.0,0.2004,1492,0.12,0.03
P03952,0.9629,94.5,28208.6,137,28208.6,298.4,0.4691,636,0.15,0.33
Q2M3V2,0.9478,146.0,43445.4,3,43445.4,297.6,0.5441,547,0.24,0.04
Q9Y5W3,0.9775,313.0,93105.7,63,93105.7,297.4,0.8426,353,0.12,0.03
Q969P0,0.9269,79.0,23327.8,583,23327.8,295.3,0.4833,611,0.12,0.45
Q9Y5I1,0.9319,50.4,14664.4,699,14664.4,291.2,0.3075,947,0.07,0.29
Q9Y663,0.9542,185.3,53880.6,33,53880.6,290.7,0.7195,404,0.35,0.1
Q14686,0.9208,17.3,5025.8,273,5025.8,290.5,0.141,2061,0.01,0.27
P17025,0.9246,139.4,40437.5,357,40437.5,290.0,0.4552,637,0.34,0.09
A2A2Y4,0.9442,448.1,129504.8,543,129504.8,289.0,0.4857,595,0.37,0.13
Q5IJ48,0.9353,35.5,10134.5,1230,10134.5,285.5,0.2225,1283,0.06,0.35
Q9BTN0,0.9705,175.7,49923.9,550,49923.9,284.1,0.4539,626,0.09,0.23
P01861,0.9547,252.9,71635.1,349,71635.1,283.3,0.719,394,0.21,0.39
Q10571,0.9728,141.6,40109.6,519,40109.6,283.2,0.2149,1318,0.09,0.0
Q96QV1,0.9316,55.8,15594.6,104,15594.6,279.5,0.4004,698,0.18,0.25
Q8WWH5,0.9736,487.2,135843.2,300,135843.2,278.8,0.8035,347,0.3,0.22
O75603,0.9204,41.0,11329.4,163,11329.4,276.5,0.5487,504,0.07,0.09
Q6P6B1,0.9448,36.0,9923.7,39,9923.7,276.0,0.742,372,0.0,0.0
Q6UWF7,0.9468,232.4,63563.9,9,63563.9,273.5,0.5047,542,0.29,0.26
Q9Y5G8,0.9353,66.2,18019.9,704,18019.9,272.3,0.2931,929,0.1,0.31
Q86TI0,0.9252,236.9,64148.7,1136,64148.7,270.7,0.2322,1166,0.44,0.09
Q8IWX8,0.9754,690.1,185477.7,332,185477.7,268.8,0.294,914,0.39,0.0
Q9H175,0.9464,178.4,47680.0,330,47680.0,267.2,0.4939,541,0.25,0.06
P13591,0.9221,60.6,16105.6,729,16105.6,265.6,0.3102,856,0.08,0.43
O00213,0.9273,53.5,14153.1,492,14153.1,264.4,0.3734,708,0.16,0.17
Q8TBP0,0.9261,191.8,50490.2,463,50490.2,263.3,0.3441,765,0.38,0.09
Q8TDR2,0.9337,144.6,37984.8,244,37984.8,262.7,0.4938,532,0.23,0.15
Q12959,0.9299,162.9,42706.5,882,42706.5,262.2,0.2906,902,0.24,0.21
Q6UUV9,0.9569,148.2,38507.6,368,38507.6,259.9,0.4113,632,0.18,0.0
Q6UY09,0.9475,97.9,25424.6,455,25424.6,259.6,0.4371,594,0.06,0.34
Q9BSQ5,0.9442,298.1,76937.1,313,76937.1,258.1,0.5839,442,0.34,0.13
P11182,0.9391,170.7,43970.3,458,43970.3,257.6,0.5366,480,0.24,0.2
Q13634,0.9322,82.8,21279.7,624,21279.7,256.9,0.326,788,0.1,0.3
Q8TE04,0.9393,103.1,26468.7,511,26468.7,256.7,0.4307,596,0.27,0.15
Q99607,0.9329,40.1,10278.1,455,10278.1,256.1,0.3874,661,0.07,0.03
P09110,0.946,267.3,68329.1,199,68329.1,255.7,0.6058,422,0.38,0.21
Q8NEN9,0.9295,89.5,22824.1,117,22824.1,255.2,0.2215,1152,0.2,0.18
Q9Y5R2,0.9355,137.4,34915.6,184,34915.6,254.2,0.3953,643,0.26,0.18
Q5VUA4,0.9274,34.5,8654.0,1176,8654.0,251.0,0.1102,2277,0.02,0.26
Q9Y662,0.9575,392.1,98204.1,20,98204.1,250.5,0.6456,388,0.35,0.1
O94898,0.9474,57.6,14379.5,808,14379.5,249.5,0.2347,1063,0.08,0.23
P43405,0.9267,128.7,32071.9,144,32071.9,249.2,0.3936,633,0.32,0.17
A6NHL2,0.9317,219.5,54688.1,428,54688.1,249.2,0.5612,444,0.45,0.18
Q96S94,0.9226,168.7,41984.2,245,41984.2,248.9,0.4805,518,0.36,0.01
Q6MZM0,0.9465,85.8,21349.9,1110,21349.9,248.9,0.2151,1157,0.16,0.35
Q9HCE3,0.9219,44.6,11102.8,883,11102.8,248.8,0.1916,1299,0.17,0.08
Q8N8S7,0.9258,506.7,125649.7,348,125649.7,248.0,0.421,589,0.35,0.09
Q9BRD0,0.9293,144.3,35704.5,446,35704.5,247.5,0.4011,617,0.22,0.01
Q5SY80,0.9214,65.0,16066.3,569,16066.3,247.0,0.2603,949,0.13,0.39
Q9Y5H0,0.9421,69.6,17155.6,704,17155.6,246.4,0.265,930,0.1,0.3
O14626,0.938,1253.0,308002.5,256,308002.5,245.8,0.7754,317,0.8,0.01
Q9NPY3,0.9703,264.5,64439.3,8,64439.3,243.6,0.3748,650,0.16,0.25
P07359,0.9444,61.8,15043.5,547,15043.5,243.3,0.3743,650,0.11,0.1
Q96KR4,0.9378,84.5,20506.4,636,20506.4,242.7,0.3762,645,0.2,0.27
O75995,0.9472,101.4,24543.3,305,24543.3,241.9,0.6401,378,0.16,0.08
Q4G148,0.9321,251.5,60836.0,399,60836.0,241.9,0.5524,438,0.46,0.12
P78357,0.9231,54.1,13054.7,1288,13054.7,241.4,0.1747,1382,0.11,0.36
Q99700,0.9343,44.3,10637.2,176,10637.2,240.0,0.183,1311,0.1,0.03
P00505,0.9276,317.7,76194.7,422,76194.7,239.9,0.5604,428,0.44,0.14
Q7L591,0.9407,93.3,22365.8,448,22365.8,239.7,0.4853,494,0.17,0.19
Q13501,0.9307,81.4,19418.2,80,19418.2,238.5,0.5444,438,0.2,0.15
P55287,0.9531,105.4,25131.1,628,25131.1,238.5,0.3003,794,0.08,0.31
O14786,0.9484,56.3,13371.3,876,13371.3,237.5,0.2578,921,0.07,0.34
Q9ULM3,0.9465,83.0,19615.8,1149,19615.8,236.4,0.1665,1420,0.17,0.06
Q68DN1,0.9207,22.0,5179.1,888,5179.1,235.8,0.119,1982,0.02,0.21
Q8NBP7,0.9323,60.4,14227.2,408,14227.2,235.7,0.3415,690,0.17,0.3
O00206,0.9446,92.8,21764.2,655,21764.2,234.4,0.2801,837,0.21,0.2
Q6ZTQ4,0.9389,65.8,15335.5,722,15335.5,232.9,0.2638,883,0.07,0.34
Q96DU7,0.9235,48.9,11377.0,600,11377.0,232.6,0.3416,681,0.16,0.09
P51786,0.9423,132.7,30853.6,54,30853.6,232.5,0.4614,504,0.35,0.1
Q9Y5H8,0.9207,50.0,11629.3,709,11629.3,232.4,0.2451,948,0.06,0.3
Q6IEE7,0.9328,72.0,16661.3,898,16661.3,231.4,0.2158,1072,0.09,0.34
Q4LE39,0.9202,37.4,8653.6,1241,8653.6,231.2,0.1765,1310,0.14,0.1
O95460,0.931,194.3,44717.6,611,44717.6,230.1,0.3711,620,0.32,0.23
Q02487,0.9278,57.6,13197.6,705,13197.6,229.1,0.2548,899,0.09,0.32
Q96KQ7,0.9319,61.7,14061.0,299,14061.0,228.0,0.1888,1208,0.2,0.1
Q9NW07,0.9838,557.1,126796.2,407,126796.2,227.6,0.4021,566,0.21,0.07
Q99798,0.9212,131.4,29610.0,643,29610.0,225.4,0.2897,778,0.34,0.2
P38398,0.9428,43.0,9645.4,850,9645.4,224.2,0.1205,1861,0.02,0.28
Q9BVI0,0.9386,66.5,14834.4,1001,14834.4,223.1,0.2209,1010,0.15,0.06
Q6P2C0,0.9263,87.2,19445.0,58,19445.0,223.1,0.3261,684,0.18,0.3
O00478,0.9281,159.7,35613.1,16,35613.1,223.0,0.3831,582,0.22,0.31
Q8WXH2,0.9314,62.8,13989.3,737,13989.3,222.9,0.2987,746,0.16,0.19
Q76L83,0.928,43.6,9694.1,168,9694.1,222.1,0.155,1433,0.15,0.01
P27352,0.9282,276.1,61299.0,245,61299.0,222.0,0.535,415,0.45,0.14
Q96Q04,0.9496,91.1,20200.1,53,20200.1,221.7,0.152,1458,0.11,0.05
Q9HCH0,0.9297,74.0,16382.8,63,16382.8,221.3,0.1661,1332,0.15,0.0
Q6ZUB1,0.9251,37.2,8215.2,377,8215.2,220.6,0.1529,1443,0.12,0.0
P61129,0.9322,121.0,26665.7,361,26665.7,220.4,0.1856,1187,0.16,0.02
P16070,0.9367,60.0,13206.6,656,13206.6,220.3,0.2976,740,0.1,0.08
A6NMS7,0.927,34.9,7686.8,1279,7686.8,220.3,0.1297,1698,0.01,0.19
A0A0J9YXV3,0.9773,99.0,21707.1,9,21707.1,219.3,0.4106,534,0.03,0.0
A0PJZ3,0.9661,477.8,104603.9,11,104603.9,218.9,0.4964,441,0.42,0.12
Q9Y6Y1,0.9286,101.5,22200.1,1586,22200.1,218.7,0.1309,1671,0.02,0.16
Q5TCY1,0.9724,127.0,27438.0,761,27438.0,216.1,0.1638,1319,0.15,0.04
O94806,0.9226,58.4,12561.2,84,12561.2,215.2,0.2423,888,0.22,0.17
O75593,0.925,93.8,20065.5,125,20065.5,214.0,0.5894,363,0.22,0.04
Q96F63,0.9383,707.3,151209.0,61,151209.0,213.8,0.6269,341,0.57,0.0
P56270,0.9632,237.3,50236.5,440,50236.5,211.7,0.4457,475,0.22,0.06
Q2T9J0,0.9454,92.8,19613.7,173,19613.7,211.3,0.3747,564,0.21,0.3
Q8N3X1,0.9414,112.2,23446.5,720,23446.5,208.9,0.2058,1015,0.21,0.03
P19022,0.9225,66.2,13838.0,730,13838.0,208.9,0.2311,904,0.09,0.32
Q12879,0.9211,79.6,16633.2,648,16633.2,208.9,0.1429,1462,0.23,0.11
Q2M385,0.9415,150.7,31442.0,672,31442.0,208.6,0.2922,714,0.22,0.26
O43829,0.9406,127.8,26661.6,426,26661.6,208.6,0.4667,447,0.29,0.07
Q6ZNB6,0.9309,110.9,23119.0,898,23119.0,208.5,0.2293,909,0.19,0.15
Q01538,0.9295,89.7,18691.5,295,18691.5,208.3,0.1862,1119,0.26,0.01
Q969V6,0.9234,102.1,21107.6,273,21107.6,206.8,0.2226,929,0.23,0.01
Q17RD7,0.9297,57.9,11943.2,31,11943.2,206.4,0.321,643,0.17,0.2
Q30201,0.9549,750.9,154918.9,314,154918.9,206.3,0.5963,346,0.38,0.31
Q07157,0.921,57.2,11777.9,244,11777.9,205.7,0.1178,1746,0.02,0.13
Q92692,0.9203,53.6,11019.2,374,11019.2,205.7,0.3838,536,0.11,0.31
Q0D2K2,0.9214,110.5,22686.9,247,22686.9,205.2,0.3563,576,0.31,0.29
Q9Y5Q5,0.9236,44.9,9205.3,214,9205.3,205.2,0.1973,1040,0.18,0.18
Q8N4A0,0.9318,133.2,27307.0,12,27307.0,205.1,0.356,576,0.31,0.22
Q8IYU4,0.9343,191.4,39204.4,231,39204.4,204.9,0.4331,473,0.3,0.06
Q96J84,0.9338,82.6,16810.0,502,16810.0,203.5,0.2696,755,0.08,0.35
Q5T8A7,0.9204,41.1,8332.4,480,8332.4,202.7,0.168,1207,0.13,0.0
Q9UPX8,0.931,35.2,7090.8,378,7090.8,201.7,0.1092,1847,0.02,0.2
Q8NAP8,0.9775,783.8,157520.3,142,157520.3,201.0,0.4076,493,0.3,0.06
Q8N9W6,0.9364,57.7,11576.4,82,11576.4,200.7,0.7141,281,0.07,0.16
A0A0J9YY54,0.9211,137.8,27651.2,106,27651.2,200.6,0.2817,712,0.18,0.01
O94933,0.956,90.4,18129.2,671,18129.2,200.5,0.2057,975,0.16,0.1
O75326,0.9213,51.9,10392.9,30,10392.9,200.4,0.3018,664,0.12,0.35
O95631,0.956,88.1,17643.8,6,17643.8,200.3,0.3327,602,0.14,0.28
Q6ZTU2,0.9469,140.1,27996.1,361,27996.1,199.9,0.4112,486,0.17,0.0
P34925,0.9241,124.3,24796.6,528,24796.6,199.5,0.3298,605,0.3,0.2
Q9NRR2,0.9398,71.2,14204.1,294,14204.1,199.5,0.6255,319,0.13,0.27
Q15166,0.9789,275.4,54613.9,9,54613.9,198.3,0.5633,352,0.14,0.4
O60330,0.9204,57.2,11335.4,714,11335.4,198.2,0.2131,930,0.09,0.3
Q5VYP0,0.9228,49.9,9857.8,1228,9857.8,197.6,0.1469,1345,0.14,0.0
Q9Y5G2,0.9222,51.1,10069.1,695,10069.1,197.2,0.2123,929,0.08,0.3
O15105,0.9627,170.6,33481.5,88,33481.5,196.3,0.4629,424,0.22,0.16
Q96NI6,0.9474,86.6,16973.2,541,16973.2,196.0,0.2734,717,0.11,0.23
Q8NFT8,0.9388,61.2,11991.9,648,11991.9,196.0,0.2666,735,0.09,0.26
P78324,0.9323,134.8,26401.4,380,26401.4,195.8,0.3901,502,0.1,0.33
P19235,0.9327,103.9,20332.6,256,20332.6,195.7,0.3867,506,0.12,0.19
Q8NG27,0.921,59.2,11565.8,370,11565.8,195.5,0.305,641,0.15,0.03
P24863,0.9409,759.4,147884.9,198,147884.9,194.7,0.693,281,0.66,0.0
O15389,0.9348,91.1,17696.0,448,17696.0,194.3,0.354,549,0.07,0.38
Q6KC79,0.9335,45.0,8741.4,59,8741.4,194.3,0.1768,1099,0.13,0.0
Q9Y5J3,0.9516,314.1,60903.0,49,60903.0,193.9,0.6421,302,0.36,0.0
O95754,0.9399,104.4,20212.3,672,20212.3,193.6,0.2521,768,0.15,0.31
Q9Y577,0.9276,326.7,63150.0,170,63150.0,193.3,0.407,475,0.37,0.22
Q5VZ19,0.9381,87.0,16776.7,217,16776.7,192.9,0.53,364,0.24,0.25
Q9NX31,0.9363,68.1,13093.4,265,13093.4,192.2,0.6628,290,0.14,0.0
B7ZBB8,0.9469,257.4,49407.4,93,49407.4,192.0,0.5392,356,0.22,0.2
O14511,0.9301,66.4,12679.4,422,12679.4,191.0,0.2252,848,0.11,0.13
P26927,0.9289,34.2,6491.2,703,6491.2,189.9,0.2678,709,0.08,0.25
Q86VR7,0.9308,54.3,10282.7,319,10282.7,189.5,0.219,865,0.06,0.34
A6BM72,0.9485,41.6,7855.9,866,7855.9,188.9,0.1813,1042,0.08,0.26
A6NIV6,0.9545,103.9,19534.4,502,19534.4,188.1,0.3371,558,0.25,0.11
Q9Y6Q9,0.9585,123.7,23148.9,1260,23148.9,187.1,0.1316,1422,0.19,0.06
Q3LIE5,0.9437,160.2,29922.0,85,29922.0,186.8,0.5493,340,0.28,0.2
F8WFD2,0.9214,573.7,107035.0,120,107035.0,186.6,0.5361,348,0.48,0.0
Q9BR76,0.9407,78.9,14709.7,448,14709.7,186.5,0.3829,487,0.11,0.34
Q9Y279,0.9385,182.6,34001.9,297,34001.9,186.2,0.4691,397,0.21,0.26
Q6ZWK6,0.9423,237.6,44160.9,27,44160.9,185.9,0.4263,436,0.29,0.29
Q9NPZ5,0.9496,211.2,39229.7,14,39229.7,185.8,0.5787,321,0.3,0.17
Q7Z2D5,0.9212,137.0,25409.7,443,25409.7,185.5,0.2438,761,0.31,0.01
P20823,0.9296,129.3,23620.7,118,23620.7,182.7,0.2904,629,0.26,0.0
P20138,0.9584,177.6,32431.3,269,32431.3,182.6,0.5045,362,0.12,0.29
A6NNT2,0.9314,261.1,47560.7,570,47560.7,182.2,0.16,1139,0.39,0.02
P55285,0.9299,80.8,14692.6,615,14692.6,181.9,0.2309,788,0.09,0.31
Q9UI36,0.9212,163.2,29637.0,637,29637.0,181.5,0.2401,756,0.27,0.03
Q9NRU3,0.9487,170.1,30879.2,224,30879.2,181.5,0.1913,949,0.29,0.15
O95185,0.9314,80.9,14657.9,384,14657.9,181.2,0.1951,929,0.15,0.31
Q9H5J0,0.9251,111.9,20266.6,122,20266.6,181.1,0.3167,572,0.23,0.05
O43159,0.9204,85.4,15360.4,35,15360.4,179.9,0.3963,454,0.3,0.09
Q8IYG6,0.9259,58.5,10521.5,55,10521.5,179.7,0.3328,540,0.17,0.04
O60602,0.935,85.3,15334.2,242,15334.2,179.7,0.2099,856,0.24,0.15
P55286,0.9591,122.0,21920.3,635,21920.3,179.6,0.2253,797,0.08,0.31
Q96J94,0.9267,114.5,20471.9,541,20471.9,178.8,0.2081,859,0.29,0.26
P42684,0.9248,60.0,10715.9,1113,10715.9,178.7,0.1515,1180,0.2,0.09
Q8WUA2,0.9563,108.8,19367.1,212,19367.1,178.0,0.3632,490,0.17,0.16
P51878,0.934,397.3,70664.0,241,70664.0,177.9,0.4117,432,0.41,0.12
Q8TC36,0.925,203.0,36099.6,67,36099.6,177.8,0.4717,377,0.33,0.17
Q9NYV4,0.9253,49.0,8707.2,1114,8707.2,177.6,0.1193,1488,0.15,0.03
A6NMT0,0.9253,88.1,15632.4,189,15632.4,177.4,0.5202,341,0.19,0.0
Q9BZL6,0.9284,66.2,11720.0,657,11720.0,177.1,0.2022,876,0.23,0.17
P06858,0.932,162.4,28731.8,10,28731.8,176.9,0.374,473,0.3,0.28
P98153,0.9268,102.5,18132.2,11,18132.2,176.8,0.3227,548,0.16,0.15
Q0VAA5,0.9311,169.2,29815.5,172,29815.5,176.2,0.5817,303,0.38,0.14
Q9UN19,0.9629,258.1,45445.9,246,45445.9,176.1,0.6334,278,0.23,0.28
Q6UXK5,0.9392,54.1,9514.6,643,9514.6,176.0,0.2465,714,0.1,0.26
O43155,0.952,105.3,18539.0,555,18539.0,176.0,0.2675,658,0.14,0.18
O14813,0.95,298.2,52355.9,98,52355.9,175.5,0.6225,282,0.26,0.01
P49747,0.9229,28.3,4971.1,696,4971.1,175.5,0.2325,755,0.11,0.22
Q8N3X6,0.9286,183.7,32240.5,347,32240.5,175.5,0.2925,600,0.36,0.0
Q9BYB4,0.9302,41.1,7182.5,1,7182.5,174.8,0.5378,325,0.0,0.5
Q0VD83,0.9206,18.5,3226.7,1081,3226.7,174.8,0.1596,1095,0.05,0.0
Q6ZMM2,0.9273,69.8,12200.4,28,12200.4,174.8,0.3649,479,0.12,0.32
Q9BXA7,0.937,172.3,30034.6,58,30034.6,174.3,0.4775,365,0.3,0.14
Q86Y01,0.9245,90.6,15756.9,545,15756.9,173.9,0.2814,618,0.2,0.21
P16562,0.948,206.9,35838.0,39,35838.0,173.2,0.7187,241,0.32,0.17
P20396,0.9646,490.7,84989.7,205,84989.7,173.2,0.7216,240,0.33,0.0
P0C7V9,0.9617,251.7,43564.2,51,43564.2,173.1,0.7461,232,0.43,0.08
Q9ULB1,0.9268,42.9,7403.8,1406,7403.8,172.7,0.1171,1475,0.07,0.37
Q14512,0.9725,615.9,106162.3,6,106162.3,172.4,0.743,232,0.29,0.17
P01833,0.9322,58.1,9999.9,743,9999.9,172.1,0.2258,762,0.13,0.34
Q9Y5F3,0.9342,74.2,12757.5,704,12757.5,171.8,0.2106,816,0.08,0.34
P0CG42,0.9617,561.7,96375.4,73,96375.4,171.6,0.4491,382,0.25,0.03
Q86UP6,0.9492,118.6,20332.8,590,20332.8,171.4,0.2833,605,0.07,0.41
P30511,0.933,260.6,44461.8,187,44461.8,170.6,0.496,344,0.3,0.3
Q8IXL6,0.9368,159.5,27177.7,440,27177.7,170.4,0.2928,582,0.34,0.1
P78504,0.937,43.5,7349.3,1074,7349.3,169.1,0.1391,1216,0.09,0.31
P31249,0.9362,82.7,13989.9,242,13989.9,169.1,0.3933,430,0.13,0.0
A0AUZ9,0.9245,107.3,18115.6,243,18115.6,168.9,0.1715,985,0.25,0.0
P43681,0.9334,308.9,52034.5,611,52034.5,168.4,0.2695,625,0.3,0.16
Q9NW82,0.9478,147.4,24756.8,155,24756.8,167.9,0.2576,652,0.18,0.21
Q9HCJ2,0.946,79.9,13402.3,26,13402.3,167.7,0.2628,638,0.14,0.15
Q6UX06,0.9426,453.5,75962.2,116,75962.2,167.5,0.3297,508,0.28,0.27
Q9H4P4,0.9214,265.6,44416.8,174,44416.8,167.3,0.531,315,0.49,0.15
P24723,0.9248,67.2,11242.7,300,11242.7,167.2,0.2455,681,0.25,0.23
O60543,0.9614,529.3,88483.3,56,88483.3,167.2,0.7704,217,0.27,0.22
Q99932,0.9707,331.9,55361.2,45,55361.2,166.8,0.3453,483,0.18,0.0
P46952,0.935,68.0,11339.1,8,11339.1,166.6,0.5867,284,0.17,0.41
O43451,0.9222,57.5,9502.0,22,9502.0,165.2,0.0891,1855,0.03,0.03
Q8IZJ1,0.9289,76.6,12608.1,378,12608.1,164.6,0.1745,943,0.13,0.3
O43918,0.9293,64.0,10513.4,526,10513.4,164.4,0.3028,543,0.21,0.03
P20023,0.9298,54.9,8996.3,983,8996.3,163.9,0.1589,1031,0.03,0.41
Q9H1U4,0.9696,248.3,40440.8,23,40440.8,162.9,0.2715,600,0.09,0.13
Q6SA08,0.9299,173.5,28206.9,265,28206.9,162.5,0.4986,326,0.42,0.16
P04062,0.9335,96.9,15731.2,404,15731.2,162.4,0.3041,534,0.25,0.26
Q5VX71,0.9478,182.2,29405.1,29,29405.1,161.4,0.3307,488,0.11,0.22
Q13061,0.9393,59.5,9588.1,61,9588.1,161.1,0.2217,727,0.16,0.0
O14763,0.9352,267.2,42839.4,228,42839.4,160.3,0.366,438,0.29,0.11
P07902,0.9722,415.1,66544.5,205,66544.5,160.3,0.4252,377,0.32,0.18
P19021,0.9213,42.1,6715.2,867,6715.2,159.4,0.1642,971,0.08,0.28
Q9ULJ6,0.9214,66.9,10551.2,281,10551.2,157.7,0.1481,1065,0.18,0.08
A6H8M9,0.9456,111.4,17489.7,707,17489.7,156.9,0.1997,786,0.05,0.39
O00570,0.9438,100.8,15738.7,197,15738.7,156.2,0.4015,389,0.23,0.0
Q6IA17,0.9429,139.9,21829.3,126,21829.3,156.1,0.3825,408,0.26,0.2
Q92561,0.9259,62.0,9663.6,119,9663.6,155.9,0.4753,328,0.13,0.38
Q92870,0.9229,66.9,10404.0,701,10404.0,155.6,0.2058,756,0.18,0.15
P50895,0.9268,61.9,9625.5,549,9625.5,155.4,0.2482,626,0.07,0.42
P62993,0.9603,75.1,11585.8,68,11585.8,154.3,0.7176,215,0.12,0.39
Q8N184,0.9243,137.2,21109.7,85,21109.7,153.8,0.2385,645,0.37,0.09
Q1XH10,0.9786,365.1,56049.7,239,56049.7,153.5,0.1695,906,0.1,0.03
Q03167,0.9296,65.1,9966.6,799,9966.6,153.2,0.1804,849,0.1,0.33
Q9BY79,0.9402,107.2,16333.8,514,16333.8,152.4,0.2642,577,0.16,0.23
Q9H3S4,0.9487,141.9,21596.7,48,21596.7,152.2,0.6315,241,0.26,0.32
P40189,0.9302,55.2,8370.7,630,8370.7,151.8,0.1657,916,0.09,0.3
P0C7M4,0.9379,325.7,49383.2,22,49383.2,151.6,0.5302,286,0.26,0.0
P31994,0.951,269.4,40815.4,230,40815.4,151.5,0.492,308,0.17,0.3
P34810,0.9478,201.2,30440.6,328,30440.6,151.3,0.4299,352,0.14,0.27
Q9Y6I7,0.9241,50.0,7549.4,66,7549.4,151.1,0.3606,419,0.08,0.36
P54253,0.9366,71.2,10760.9,198,10760.9,151.1,0.1858,813,0.1,0.07
Q8NF64,0.9373,109.8,16566.9,150,16566.9,151.0,0.1644,918,0.12,0.09
P36575,0.9221,69.3,10454.0,378,10454.0,150.9,0.391,386,0.08,0.44
Q0VF49,0.9242,101.9,15363.0,1040,15363.0,150.8,0.128,1178,0.21,0.01
Q16853,0.9322,79.9,11998.5,4,11998.5,150.2,0.1974,761,0.19,0.36
Q9NXV6,0.9245,90.4,13543.1,521,13543.1,149.8,0.2591,578,0.24,0.07
A6NNC1,0.9383,50.2,7486.2,883,7486.2,149.1,0.1666,895,0.07,0.0
Q92844,0.9206,342.2,51006.1,25,51006.1,149.0,0.3524,423,0.29,0.01
Q8WYB5,0.9229,40.2,5982.8,1079,5982.8,148.6,0.0718,2071,0.02,0.24
Q12857,0.9632,200.2,29671.0,436,29671.0,148.2,0.2922,507,0.24,0.04
Q9H4F8,0.928,121.8,18009.6,97,18009.6,147.8,0.3421,432,0.26,0.09
Q99767,0.9291,77.3,11402.8,405,11402.8,147.6,0.1975,747,0.18,0.15
Q9HB29,0.9237,115.5,17020.7,340,17020.7,147.4,0.2572,573,0.2,0.31
Q9BZ76,0.936,78.4,11560.8,1253,11560.8,147.4,0.1146,1286,0.09,0.37
Q9UN74,0.9222,66.4,9765.4,12,9765.4,147.1,0.1557,945,0.08,0.29
Q13724,0.9277,197.1,28934.5,61,28934.5,146.8,0.1758,835,0.34,0.22
O43921,0.9473,113.6,16650.2,25,16650.2,146.6,0.6949,211,0.1,0.22
Q14114,0.9339,35.8,5236.8,14,5236.8,146.4,0.1524,961,0.09,0.22
Q92905,0.93,584.9,84400.3,302,84400.3,144.3,0.4347,332,0.53,0.17
Q9Y5G7,0.9464,101.5,14621.8,713,14621.8,144.1,0.1549,930,0.08,0.31
A0A1B0GV85,0.9399,163.7,23561.8,4,23561.8,143.9,0.2746,524,0.12,0.13
Q8N9W8,0.9498,176.8,25424.9,166,25424.9,143.8,0.3425,420,0.19,0.16
O75325,0.9493,59.3,8493.1,635,8493.1,143.3,0.2016,711,0.08,0.25
Q9H6X5,0.9417,99.1,14205.3,87,14205.3,143.3,0.2188,655,0.18,0.0
Q9P2E8,0.9246,286.4,40976.1,48,40976.1,143.1,0.3507,408,0.38,0.04
P40197,0.9518,84.1,12014.0,316,12014.0,142.8,0.256,558,0.12,0.15
A8MY62,0.9212,89.1,12631.9,259,12631.9,141.7,0.2846,498,0.3,0.24
Q5QJ74,0.921,85.8,12147.1,139,12147.1,141.6,0.3356,422,0.3,0.17
Q9BZR6,0.9397,36.1,5095.5,9,5095.5,141.1,0.2996,471,0.07,0.1
Q96MG2,0.9622,87.5,12319.0,106,12319.0,140.9,0.4282,329,0.07,0.0
Q9Y2G1,0.9254,57.2,8045.4,558,8045.4,140.6,0.1224,1149,0.13,0.17
Q86VZ6,0.954,185.3,26014.3,189,26014.3,140.4,0.5825,241,0.29,0.04
Q8NDX5,0.927,56.1,7856.2,67,7856.2,140.1,0.1428,981,0.16,0.02
P52799,0.9495,282.2,39360.1,242,39360.1,139.5,0.4213,331,0.21,0.14
P57775,0.9376,93.2,12980.3,6,12980.3,139.3,0.3398,410,0.15,0.38
Q92667,0.9235,55.3,7698.3,346,7698.3,139.3,0.1546,901,0.17,0.1
Q86UN3,0.9301,25.9,3597.0,15,3597.0,139.1,0.3329,418,0.1,0.12
Q9ULH4,0.9543,86.5,12018.2,545,12018.2,138.9,0.1765,787,0.09,0.2
Q8N7U7,0.9611,114.9,15912.4,5,15912.4,138.5,0.3387,409,0.06,0.06
Q96KN3,0.9338,315.3,43661.9,135,43661.9,138.5,0.2946,470,0.34,0.01
Q16620,0.9247,96.2,13316.6,585,13316.6,138.4,0.1688,820,0.22,0.23
P06127,0.9286,100.5,13778.2,10,13778.2,137.1,0.2781,493,0.21,0.23
Q5U5Q3,0.9427,110.2,15103.2,20,15103.2,137.0,0.2086,657,0.16,0.07
Q9BYN7,0.9205,47.9,6537.2,187,6537.2,136.6,0.1603,852,0.2,0.07
O60911,0.9249,158.5,21629.8,56,21629.8,136.5,0.411,332,0.33,0.16
Q5QJ38,0.956,90.7,12375.8,822,12375.8,136.5,0.1513,902,0.12,0.0
Q9P2T1,0.9314,170.3,23151.5,138,23151.5,135.9,0.3928,346,0.37,0.21
Q5VU57,0.922,107.1,14543.2,305,14543.2,135.8,0.2711,501,0.26,0.23
Q9NQC3,0.9247,37.0,5015.1,1021,5015.1,135.7,0.114,1190,0.13,0.0
A8MUI8,0.9386,215.6,29179.3,319,29179.3,135.4,0.3993,339,0.16,0.0
Q8IW52,0.9502,74.5,10074.1,622,10074.1,135.3,0.162,835,0.17,0.12
O15165,0.9754,610.6,82144.0,67,82144.0,134.5,0.4426,304,0.17,0.01
Q16820,0.9426,107.5,14445.5,670,14445.5,134.3,0.1922,699,0.19,0.27
Q5U5X8,0.9364,48.0,6448.0,200,6448.0,134.3,0.2984,450,0.09,0.01
Q9H1E5,0.9399,337.8,45361.0,196,45361.0,134.3,0.387,347,0.43,0.08
Q53RD9,0.9292,95.3,12793.3,36,12793.3,134.3,0.3072,437,0.14,0.35
P58401,0.9437,106.3,14102.1,605,14102.1,132.7,0.1999,664,0.11,0.13
Q14392,0.9438,59.8,7930.4,579,7930.4,132.6,0.2009,660,0.15,0.17
Q8NEY1,0.9206,70.5,9338.7,1463,9338.7,132.6,0.0707,1875,0.01,0.2
Q9P244,0.9246,42.2,5595.2,546,5595.2,132.5,0.1723,769,0.07,0.19
Q9GZX9,0.9612,397.2,52160.0,3,52160.0,131.3,0.5943,221,0.41,0.13
Q9H0Z9,0.9447,75.2,9876.4,85,9876.4,131.3,0.5539,237,0.09,0.11
Q5T7P8,0.9657,309.7,40589.6,71,40589.6,131.1,0.258,508,0.18,0.25
Q7Z4H8,0.9332,126.7,16578.2,443,16578.2,130.9,0.2592,505,0.31,0.22
Q9NPI6,0.9331,155.9,20385.3,12,20385.3,130.7,0.2254,580,0.19,0.09
Q14627,0.9608,191.3,24996.5,349,24996.5,130.6,0.3456,378,0.13,0.38
P48552,0.9275,64.7,8425.4,140,8425.4,130.2,0.1127,1156,0.17,0.0
Q5JUK2,0.9423,264.8,34458.2,95,34458.2,130.1,0.3991,326,0.21,0.0
P16442,0.9423,178.5,23101.3,24,23101.3,129.4,0.3677,352,0.34,0.16
P78325,0.9303,119.3,15406.0,666,15406.0,129.1,0.1571,822,0.2,0.21
P01130,0.9455,44.5,5739.3,801,5739.3,128.9,0.1502,858,0.1,0.24
O00358,0.9737,316.2,40738.1,167,40738.1,128.8,0.3472,371,0.18,0.03
Q96PX8,0.9388,59.3,7628.8,624,7628.8,128.7,0.1855,694,0.17,0.14
O43781,0.9337,91.1,11691.1,393,11691.1,128.3,0.219,586,0.24,0.12
Q9UBR2,0.9362,75.1,9633.2,93,9633.2,128.3,0.4262,301,0.22,0.23
P48551,0.9339,95.8,12262.8,253,12262.8,127.9,0.2494,513,0.14,0.19
Q9GZS9,0.9363,235.9,30149.3,348,30149.3,127.8,0.3124,409,0.47,0.1
P24386,0.9235,104.0,13287.4,356,13287.4,127.8,0.1963,651,0.26,0.18
P50479,0.9216,39.0,4976.7,62,4976.7,127.7,0.3894,328,0.13,0.15
Q8WZ73,0.9307,75.9,9672.0,283,9672.0,127.4,0.353,361,0.24,0.07
Q5VY43,0.9242,28.7,3653.6,767,3653.6,127.4,0.1231,1035,0.06,0.23
Q9UN75,0.9222,58.4,7428.4,709,7428.4,127.3,0.1356,939,0.07,0.31
Q9BZW8,0.9363,224.1,28500.3,229,28500.3,127.2,0.3456,368,0.22,0.29
Q96HA1,0.9269,32.4,4118.3,41,4118.3,127.2,0.102,1247,0.06,0.0
Q8N4C8,0.9231,87.5,11099.9,405,11099.9,126.9,0.0954,1330,0.23,0.16
O60667,0.9287,130.0,16469.2,261,16469.2,126.7,0.3266,388,0.18,0.14
Q9HBG7,0.9223,75.7,9572.5,469,9572.5,126.5,0.1937,653,0.09,0.28
Q9BXJ7,0.9481,166.1,20994.2,327,20994.2,126.4,0.2802,451,0.23,0.22
Q9NZN1,0.9236,72.1,9095.7,364,9095.7,126.1,0.1817,694,0.23,0.27
Q86YI8,0.9246,56.3,7088.6,28,7088.6,125.9,0.4224,298,0.1,0.07
Q9H159,0.9408,94.8,11930.2,598,11930.2,125.9,0.1635,770,0.13,0.31
Q6ZN44,0.946,119.2,14917.7,319,14917.7,125.1,0.149,840,0.14,0.31
Q9H825,0.934,113.7,14199.0,55,14199.0,124.9,0.4323,289,0.25,0.08
Q8WXS3,0.9528,90.4,11285.0,106,11285.0,124.8,0.8727,143,0.0,0.0
Q9UBQ6,0.9353,283.5,35366.9,21,35366.9,124.8,0.3804,328,0.41,0.18
Q9NR61,0.9369,55.1,6866.8,13,6866.8,124.7,0.1825,683,0.09,0.29
Q8WXF5,0.934,37.1,4616.1,117,4616.1,124.6,0.692,180,0.09,0.28
O43559,0.9278,73.2,9113.6,461,9113.6,124.5,0.2542,490,0.09,0.12
P16333,0.9203,26.5,3297.1,289,3297.1,124.5,0.3319,375,0.11,0.31
P14598,0.9368,134.5,16694.8,331,16694.8,124.1,0.3199,388,0.27,0.22
Q9H3W5,0.922,38.2,4735.5,629,4735.5,124.1,0.1758,706,0.09,0.25
Q86W67,0.9333,429.8,52922.1,39,52922.1,123.1,0.6036,204,0.4,0.0
Q8WZA1,0.9456,227.7,27961.0,53,27961.0,122.8,0.1867,658,0.3,0.21
I3L273,0.9479,117.2,14353.4,8,14353.4,122.5,0.2374,516,0.12,0.0
O95813,0.9348,136.6,16717.8,4,16717.8,122.3,0.4617,265,0.17,0.21
Q9NZU0,0.9484,67.5,8240.4,533,8240.4,122.1,0.1887,647,0.11,0.16
A6NHT5,0.9201,107.3,13066.6,17,13066.6,121.8,0.343,355,0.2,0.0
P38570,0.9239,74.9,9120.7,1137,9120.7,121.7,0.1034,1177,0.13,0.41
Q13216,0.9281,43.8,5329.3,15,5329.3,121.7,0.3088,394,0.06,0.38
O14979,0.9217,61.8,7513.1,316,7513.1,121.6,0.2908,418,0.12,0.14
P43121,0.9344,95.8,11638.2,566,11638.2,121.5,0.1887,644,0.08,0.41
P13473,0.9569,232.1,28138.1,383,28138.1,121.2,0.2972,408,0.08,0.47
Q96PL5,0.9262,230.5,27936.4,206,27936.4,121.2,0.2563,473,0.2,0.27
Q14774,0.9373,79.1,9583.9,284,9583.9,121.2,0.2494,486,0.14,0.0
Q9Y261,0.9266,50.2,6074.3,165,6074.3,121.1,0.2661,455,0.19,0.02
Q9BZM3,0.9343,79.5,9562.6,250,9562.6,120.3,0.3983,302,0.15,0.0
Q9H2U9,0.9368,118.6,14258.7,666,14258.7,120.2,0.1599,752,0.2,0.23
Q9UD57,0.924,96.3,11546.8,170,11546.8,120.0,0.3895,308,0.15,0.0
P17600,0.9274,83.2,9964.8,29,9964.8,119.7,0.1703,703,0.18,0.15
Q08345,0.9331,98.0,11717.5,505,11717.5,119.6,0.1313,911,0.21,0.21
A8MU46,0.9215,52.3,6253.9,385,6253.9,119.6,0.2431,492,0.15,0.0
P63162,0.9386,77.6,9231.9,228,9231.9,118.9,0.4997,238,0.06,0.17
O75340,0.9381,415.0,49211.0,87,49211.0,118.6,0.6274,189,0.53,0.04
Q8WU58,0.9326,50.6,5999.6,264,5999.6,118.5,0.2116,560,0.1,0.01
P51153,0.9382,249.9,29603.0,99,29603.0,118.5,0.5894,201,0.34,0.24
A0A1B0GUW6,0.9238,21.4,2530.0,45,2530.0,118.3,0.0991,1194,0.04,0.0
O60508,0.9201,41.3,4888.0,212,4888.0,118.3,0.2051,577,0.09,0.28
Q99674,0.9248,71.2,8403.3,49,8403.3,118.1,0.3737,316,0.22,0.01
P14151,0.9468,144.3,17023.6,51,17023.6,118.0,0.3189,370,0.18,0.29
P53667,0.9253,82.2,9677.0,375,9677.0,117.7,0.1825,645,0.25,0.21
Q6P995,0.9523,189.9,22345.2,46,22345.2,117.6,0.1428,824,0.14,0.18
Q8NAF0,0.9241,110.4,12987.8,485,12987.8,117.6,0.2101,560,0.22,0.06
P01138,0.939,172.9,20257.8,45,20257.8,117.2,0.4903,239,0.2,0.31
C0HMD7,0.9512,183.3,21474.3,62,21474.3,117.2,0.7863,149,0.15,0.12
Q6UVY6,0.9385,86.9,10182.4,595,10182.4,117.1,0.1917,611,0.12,0.38
Q9NS85,0.9218,35.6,4143.4,261,4143.4,116.4,0.3569,326,0.15,0.25
Q9NYJ7,0.933,48.9,5680.5,13,5680.5,116.2,0.1886,616,0.1,0.24
O15455,0.9281,53.3,6159.2,716,6159.2,115.5,0.1281,902,0.21,0.15
Q8IXJ6,0.9229,178.7,20565.8,327,20565.8,115.1,0.2973,387,0.36,0.13
O76036,0.9388,373.2,42570.1,264,42570.1,114.1,0.3777,302,0.26,0.34
Q0VDD7,0.9262,55.7,6355.0,616,6355.0,114.0,0.1712,666,0.07,0.0
Q9NTU4,0.9449,290.4,33079.3,183,33079.3,113.9,0.5752,198,0.37,0.01
Q8TE49,0.9424,168.3,19141.8,678,19141.8,113.8,0.1231,924,0.27,0.06
A6NKL6,0.9434,217.5,24726.5,222,24726.5,113.7,0.1837,619,0.23,0.0
Q15287,0.9364,68.2,7756.2,173,7756.2,113.6,0.3751,303,0.09,0.09
Q9NQ32,0.9379,61.4,6978.8,231,6978.8,113.6,0.2444,465,0.07,0.12
Q9BXU8,0.9251,815.0,92218.8,114,92218.8,113.2,0.6252,181,0.71,0.0
Q96EP5,0.9356,65.2,7357.9,165,7357.9,112.8,0.2786,405,0.09,0.15
Q9Y5H2,0.9449,90.1,10116.3,701,10116.3,112.3,0.1203,933,0.11,0.3
Q8TF68,0.9554,385.7,43174.2,468,43174.2,111.9,0.1947,575,0.26,0.06
P41222,0.9502,108.5,12088.5,161,12088.5,111.4,0.5925,188,0.15,0.38
Q70EK9,0.9238,96.2,10711.4,307,10711.4,111.4,0.1571,709,0.22,0.16
P01877,0.9341,162.5,18029.7,333,18029.7,110.9,0.2852,389,0.14,0.37
Q9P2V4,0.9253,75.0,8303.7,6,8303.7,110.7,0.1782,621,0.16,0.24
Q12884,0.9204,78.4,8676.7,598,8676.7,110.7,0.146,758,0.21,0.33
Q5VTB9,0.9319,128.9,14184.2,309,14184.2,110.0,0.1951,564,0.18,0.04
Q8IUG1,0.9323,35.1,3863.4,133,3863.4,110.0,0.6667,165,0.07,0.07
Q96S90,0.9646,569.1,62602.9,164,62602.9,110.0,0.4889,225,0.25,0.08
Q5SZQ8,0.946,161.1,17674.5,181,17674.5,109.7,0.237,463,0.22,0.16
Q15223,0.9316,84.7,9287.3,361,9287.3,109.7,0.213,515,0.08,0.35
P51991,0.9223,50.1,5483.3,205,5483.3,109.5,0.2913,376,0.14,0.16
P47928,0.9685,588.3,64381.8,99,64381.8,109.4,0.6883,159,0.31,0.0
P36405,0.9333,161.7,17567.5,135,17567.5,108.6,0.6036,180,0.37,0.24
P78317,0.935,73.5,7954.0,66,7954.0,108.2,0.5757,188,0.09,0.07
P00739,0.9347,40.3,4357.0,248,4357.0,108.0,0.3122,346,0.1,0.28
P24592,0.9528,238.2,25614.3,10,25614.3,107.5,0.4518,238,0.16,0.1
Q9UQ03,0.9312,82.5,8875.0,437,8875.0,107.5,0.2249,478,0.12,0.37
Q8TF66,0.9538,78.0,8384.8,547,8384.8,107.5,0.1857,579,0.1,0.13
Q9UBQ7,0.9243,185.5,19931.6,306,19931.6,107.5,0.3297,326,0.36,0.17
Q9NZU1,0.9417,94.7,10140.8,556,10140.8,107.1,0.1594,672,0.13,0.16
O43463,0.9256,82.2,8779.4,118,8779.4,106.8,0.2604,410,0.24,0.22
Q9H7N4,0.9238,56.2,5967.5,280,5967.5,106.2,0.081,1310,0.16,0.0
Q6P387,0.9303,117.0,12406.2,324,12406.2,106.0,0.2698,393,0.16,0.0
Q86U06,0.9446,151.5,16055.8,387,16055.8,106.0,0.2425,437,0.24,0.14
Q9HBV2,0.9306,218.6,23139.0,229,23139.0,105.8,0.3625,292,0.25,0.21
Q9UIK5,0.9244,129.2,13630.6,328,13630.6,105.5,0.2837,372,0.23,0.12
P09172,0.9346,86.1,9064.7,28,9064.7,105.3,0.1712,615,0.12,0.38
Q9HDB5,0.9536,108.8,11398.5,576,11398.5,104.8,0.1651,635,0.08,0.14
Q86WA6,0.9223,142.1,14876.5,208,14876.5,104.7,0.3623,289,0.39,0.19
Q9NQR1,0.9778,786.8,82188.6,13,82188.6,104.5,0.2672,391,0.19,0.14
Q8IV08,0.9307,332.5,34708.8,44,34708.8,104.4,0.2139,488,0.35,0.23
Q13950,0.9376,130.9,13643.2,58,13643.2,104.2,0.2007,519,0.11,0.09
Q8IV01,0.9467,190.9,19876.4,32,19876.4,104.1,0.2485,419,0.21,0.32
Q7L4S7,0.924,441.0,45878.9,11,45878.9,104.0,0.3491,298,0.37,0.0
Q9HAH7,0.9471,146.1,15195.1,313,15195.1,104.0,0.227,458,0.14,0.0
P25942,0.9389,86.6,8996.1,205,8996.1,103.9,0.3777,275,0.12,0.22
Q7L0X0,0.9468,69.7,7227.7,711,7227.7,103.8,0.1283,809,0.12,0.14
Q13428,0.9211,20.2,2085.8,49,2085.8,103.4,0.0696,1486,0.07,0.0
Q96B23,0.9295,34.3,3548.2,262,3548.2,103.4,0.2572,402,0.1,0.0
Q15165,0.958,150.5,15545.4,14,15545.4,103.3,0.2935,352,0.12,0.4
P23327,0.9335,48.9,5053.5,9,5053.5,103.3,0.1481,697,0.14,0.0
A4D1S0,0.935,180.1,18592.6,265,18592.6,103.2,0.2536,407,0.15,0.1
Q9NP70,0.9282,49.4,5060.6,15,5060.6,102.5,0.2304,445,0.08,0.0
Q9UGT4,0.9206,80.5,8245.5,795,8245.5,102.4,0.1249,820,0.22,0.28
O43364,0.9258,65.0,6658.0,191,6658.0,102.4,0.2738,374,0.16,0.0
P36508,0.9241,133.3,13629.4,386,13629.4,102.2,0.18,568,0.25,0.16
O43396,0.9291,99.1,10128.5,35,10128.5,102.2,0.356,287,0.22,0.29
Q8N123,0.9359,94.7,9651.9,147,9651.9,102.0,0.341,299,0.15,0.05
A6NDA9,0.9394,124.9,12679.0,467,12679.0,101.5,0.1852,548,0.14,0.28
Q8NBR9,0.9276,88.5,8983.7,218,8983.7,101.5,0.4075,249,0.15,0.01
Q6S5L8,0.9318,49.8,5034.7,217,5034.7,101.1,0.161,628,0.15,0.14
Q9C0A0,0.9437,85.0,8587.5,1261,8587.5,101.1,0.0774,1306,0.12,0.36
P01100,0.9233,148.9,15037.6,147,15037.6,101.0,0.2671,378,0.19,0.0
P40126,0.942,196.5,19825.8,480,19825.8,100.9,0.1951,517,0.33,0.11
P55795,0.9312,69.0,6952.0,125,6952.0,100.8,0.2256,447,0.16,0.18
Q8N616,0.9786,1349.7,135756.2,81,135756.2,100.6,0.8597,117,0.5,0.0
P26010,0.9232,100.8,10098.0,333,10098.0,100.2,0.1259,796,0.24,0.26
Q8IWV1,0.9436,134.6,13475.3,49,13475.3,100.1,0.2529,396,0.11,0.0
P21802,0.9229,79.2,7928.9,379,7928.9,100.1,0.1222,819,0.19,0.24
Q9Y3S2,0.9362,71.3,7133.0,7,7133.0,100.1,0.3147,318,0.2,0.13
A0A075B6H9,0.9771,395.3,39545.6,5,39545.6,100.0,0.855,117,0.11,0.36
Q8IZD0,0.9209,111.4,11112.0,409,11112.0,99.8,0.2404,415,0.22,0.0
P57727,0.9452,99.4,9915.1,50,9915.1,99.7,0.2206,452,0.2,0.27
Q9UBV7,0.945,196.8,19619.8,34,19619.8,99.7,0.3067,325,0.26,0.18
A0JLT2,0.9327,115.6,11510.0,28,11510.0,99.6,0.4115,242,0.19,0.0
Q50LG9,0.9349,91.8,9075.7,427,9075.7,98.8,0.1934,511,0.13,0.19
Q8IUK5,0.9253,102.4,10112.5,430,10112.5,98.7,0.1983,498,0.2,0.21
Q9HDC9,0.9251,61.6,6080.8,40,6080.8,98.7,0.2384,414,0.2,0.33
P05111,0.9308,103.8,10242.2,3,10242.2,98.7,0.2712,364,0.15,0.25
Q5JS37,0.9336,60.1,5913.3,12,5913.3,98.4,0.2853,345,0.06,0.38
Q86UP0,0.9236,61.6,6038.2,654,6038.2,98.0,0.1199,817,0.08,0.3
A0A2R8Y2Y2,0.9398,564.1,55075.0,125,55075.0,97.6,0.5139,190,0.36,0.0
Q5W5W9,0.9509,431.2,41929.0,101,41929.0,97.2,0.4303,226,0.33,0.0
Q86VY9,0.9259,131.2,12754.3,162,12754.3,97.2,0.1988,489,0.23,0.0
A8MXV6,0.9494,788.5,76533.4,217,76533.4,97.1,0.3479,279,0.27,0.0
P06899,0.9373,1099.9,106691.6,78,106691.6,97.0,0.7823,124,0.56,0.0
Q9NZJ9,0.9268,70.9,6880.1,123,6880.1,97.0,0.5449,178,0.24,0.28
Q9H808,0.9294,112.8,10928.8,66,10928.8,96.9,0.17,570,0.13,0.28
Q8WZ71,0.9349,238.6,23113.4,223,23113.4,96.9,0.3251,298,0.23,0.15
Q96LD1,0.9286,109.5,10582.6,45,10582.6,96.6,0.3253,297,0.13,0.2
Q6BEB4,0.9424,182.4,17559.3,167,17559.3,96.3,0.2431,396,0.19,0.03
Q9H2L5,0.9553,458.9,44118.2,299,44118.2,96.1,0.3014,319,0.3,0.2
Q4G0T1,0.9213,35.5,3395.2,909,3395.2,95.8,0.0934,1025,0.15,0.24
Q9Y5Y6,0.9318,59.4,5687.5,66,5687.5,95.8,0.1123,853,0.12,0.31
Q9UBU2,0.946,82.2,7846.5,15,7846.5,95.5,0.3715,257,0.14,0.2
Q6P2I3,0.9331,85.7,8134.2,256,8134.2,95.0,0.3044,312,0.27,0.3
Q9ULV3,0.9239,87.7,8324.2,18,8324.2,94.9,0.1059,896,0.2,0.03
Q8NC67,0.9302,113.2,10735.3,360,10735.3,94.9,0.1814,523,0.16,0.23
Q562F6,0.9223,43.1,4082.2,29,4082.2,94.8,0.0751,1263,0.1,0.01
O00526,0.9345,414.7,39294.8,168,39294.8,94.8,0.5206,182,0.3,0.31
P0DW11,0.9359,254.2,24079.6,106,24079.6,94.7,0.4833,196,0.42,0.0
Q6UX15,0.9338,244.8,23185.3,251,23185.3,94.7,0.2493,380,0.3,0.1
Q96HR8,0.9301,74.3,7037.6,324,7037.6,94.7,0.1925,492,0.07,0.09
O00548,0.9334,52.3,4943.6,550,4943.6,94.6,0.1312,721,0.09,0.25
Q99640,0.9282,212.8,20063.0,389,20063.0,94.3,0.1897,497,0.31,0.1
F8VTS6,0.9395,68.8,6488.6,67,6488.6,94.3,0.3307,285,0.17,0.32
O76076,0.9512,103.9,9775.7,11,9775.7,94.1,0.3794,248,0.08,0.27
P22090,0.9258,43.7,4098.6,58,4098.6,93.9,0.3597,261,0.18,0.33
Q9H156,0.9278,49.0,4587.4,5,4587.4,93.7,0.1111,843,0.15,0.11
Q53SZ7,0.9241,89.8,8417.4,231,8417.4,93.7,0.2285,410,0.09,0.06
Q96LU7,0.9353,98.1,9190.0,629,9190.0,93.7,0.1032,908,0.16,0.22
Q9H3T2,0.9396,79.2,7414.7,611,7414.7,93.7,0.1009,928,0.13,0.21
Q9UBN6,0.931,121.0,11324.1,213,11324.1,93.6,0.2437,384,0.14,0.1
Q86X40,0.9439,85.7,8013.9,273,8013.9,93.5,0.2561,365,0.25,0.17
Q6PJG9,0.9371,54.6,5091.2,516,5091.2,93.3,0.1474,633,0.09,0.24
Q0P670,0.9407,226.7,21110.1,23,21110.1,93.1,0.1866,499,0.16,0.0
Q9H082,0.9269,169.8,15789.8,194,15789.8,93.0,0.4097,227,0.3,0.21
P22061,0.938,117.7,10931.1,64,10931.1,92.9,0.4127,225,0.34,0.23
P09758,0.923,255.6,23686.5,281,23686.5,92.7,0.2886,321,0.28,0.18
Q96FE5,0.9398,70.1,6497.7,570,6497.7,92.7,0.1499,618,0.1,0.21
Q5TCM9,0.9362,29.5,2731.7,10,2731.7,92.5,0.7972,116,0.0,0.0
Q6UXF1,0.9259,53.9,4977.5,506,4977.5,92.4,0.1612,573,0.15,0.0
Q5JV73,0.9346,94.0,8646.9,1728,8646.9,92.0,0.0518,1775,0.01,0.18
Q99469,0.9229,32.1,2947.8,205,2947.8,91.7,0.2293,400,0.09,0.18
Q01085,0.93,107.5,9810.1,249,9810.1,91.2,0.2446,373,0.2,0.21
Q86UW8,0.9402,74.0,6749.6,195,6749.6,91.1,0.2279,400,0.12,0.3
Q9H9H5,0.9241,142.4,12975.2,143,12975.2,91.1,0.4625,197,0.15,0.0
P05113,0.9472,1098.3,99999.3,90,99999.3,91.1,0.6898,132,0.58,0.0
Q9BZK7,0.9361,140.5,12776.0,110,12776.0,90.9,0.1776,512,0.16,0.35
Q9BQG1,0.9256,112.0,10175.6,12,10175.6,90.8,0.1545,588,0.18,0.21
Q5SSG8,0.9381,116.5,10554.2,492,10554.2,90.6,0.1606,564,0.09,0.4
P05156,0.9247,44.6,4029.1,148,4029.1,90.4,0.1556,581,0.18,0.25
Q9NRS4,0.9433,91.7,8290.1,47,8290.1,90.4,0.2078,435,0.18,0.3
Q9NZ53,0.9233,116.3,10514.3,508,10514.3,90.4,0.1499,603,0.23,0.05
P16471,0.9305,99.1,8939.5,242,8939.5,90.2,0.1455,620,0.14,0.19
P07204,0.933,82.8,7464.7,529,7464.7,90.2,0.1574,573,0.13,0.28
Q9UJJ7,0.9271,69.3,6251.1,85,6251.1,90.1,0.2908,310,0.19,0.27
Q86XK7,0.9245,213.8,19243.3,253,19243.3,90.0,0.2338,385,0.17,0.28
P0C7U0,0.9236,146.2,13086.2,435,13086.2,89.5,0.1084,826,0.23,0.12
A6NK44,0.9201,114.3,10224.9,115,10224.9,89.4,0.5659,158,0.15,0.33
Q86SU0,0.9212,57.4,5131.1,176,5131.1,89.4,0.1643,544,0.15,0.11
Q5SQI0,0.9452,136.6,12160.9,49,12160.9,89.1,0.2125,419,0.18,0.12
A0A2Z4LIS9,0.9351,39.7,3530.0,268,3530.0,88.9,0.3087,288,0.13,0.01
P46937,0.9322,135.8,12060.5,323,12060.5,88.8,0.1769,502,0.18,0.05
Q96PJ5,0.9245,89.0,7889.3,400,7889.3,88.7,0.1729,513,0.07,0.36
Q9H1B7,0.935,126.9,11249.8,89,11249.8,88.7,0.1117,794,0.24,0.07
Q5T2W1,0.9203,86.3,7643.0,92,7643.0,88.5,0.1713,517,0.2,0.21
Q9H9S5,0.9295,190.1,16831.1,262,16831.1,88.5,0.1796,493,0.31,0.25
A6NLU0,0.9421,83.5,7387.9,3,7387.9,88.4,0.3103,285,0.16,0.31
P55808,0.9264,482.4,42591.8,153,42591.8,88.3,0.4961,178,0.31,0.0
O14910,0.9307,1138.3,100297.5,217,100297.5,88.1,0.3814,231,0.54,0.14
Q9NT99,0.921,53.6,4709.5,589,4709.5,87.8,0.1235,711,0.12,0.14
Q86W42,0.927,42.5,3722.8,17,3722.8,87.7,0.2586,339,0.12,0.46
P14778,0.9362,202.3,17702.3,364,17702.3,87.5,0.1543,567,0.23,0.32
Q9BY67,0.938,147.4,12817.1,385,12817.1,87.0,0.1976,440,0.11,0.37
O43561,0.949,178.9,15532.4,19,15532.4,86.8,0.3339,260,0.11,0.0
Q14847,0.9451,132.2,11419.1,75,11419.1,86.4,0.3334,259,0.22,0.17
Q8N967,0.9454,275.8,23789.7,328,23789.7,86.3,0.2344,368,0.24,0.09
Q96QV6,0.9265,284.2,24460.7,51,24460.7,86.1,0.6671,129,0.47,0.0
Q8TBP5,0.9419,421.2,36238.3,13,36238.3,86.0,0.4576,188,0.37,0.0
Q9Y236,0.9275,116.3,9995.6,489,9995.6,85.9,0.1709,503,0.29,0.21
P58400,0.9302,96.9,8311.5,400,8311.5,85.8,0.1825,470,0.13,0.18
F8WCM5,0.9241,86.1,7371.2,9,7371.2,85.6,0.4325,198,0.15,0.0
Q16378,0.9337,304.3,26044.2,9,26044.2,85.6,0.6484,132,0.19,0.0
P17813,0.9321,104.2,8902.0,604,8902.0,85.5,0.1303,656,0.11,0.39
Q9UEW3,0.9278,370.7,31332.0,66,31332.0,84.5,0.1632,518,0.21,0.07
Q8NFZ8,0.928,169.0,14258.6,331,14258.6,84.4,0.2186,386,0.11,0.44
Q9HAA7,0.9349,173.6,14571.7,95,14571.7,83.9,0.6406,131,0.28,0.0
Q96IQ7,0.9285,141.4,11850.8,264,11850.8,83.8,0.2578,325,0.14,0.34
P0CG36,0.9266,245.0,20521.3,4,20521.3,83.7,0.3789,221,0.26,0.11
Q02297,0.9336,81.3,6806.1,256,6806.1,83.7,0.1312,638,0.11,0.11
Q92585,0.9298,73.8,6176.4,49,6176.4,83.7,0.0825,1014,0.18,0.0
Q9Y6J6,0.921,2408.1,201405.0,60,201405.0,83.6,0.6912,121,0.88,0.0
Q9BRN9,0.927,155.6,13011.1,15,13011.1,83.6,0.3412,245,0.31,0.18
Q96R05,0.9293,122.9,10221.8,28,10221.8,83.2,0.63,132,0.11,0.55
Q86YD5,0.9307,92.0,7646.3,185,7646.3,83.1,0.2423,343,0.12,0.05
Q9Y6N1,0.9357,221.5,18288.7,98,18288.7,82.6,0.3014,274,0.22,0.25
P98179,0.9285,39.7,3275.9,20,3275.9,82.6,0.5326,155,0.13,0.17
A8K4G0,0.9398,209.3,17256.8,160,17256.8,82.5,0.4144,199,0.22,0.28
P22492,0.9428,80.4,6630.8,63,6630.8,82.4,0.4021,205,0.18,0.05
Q8IU80,0.9306,76.0,6230.2,69,6230.2,82.0,0.1013,809,0.16,0.31
Q8TC90,0.9252,103.0,8437.5,191,8437.5,81.9,0.2027,404,0.13,0.0
O60235,0.9289,144.2,11781.0,18,11781.0,81.7,0.1964,416,0.25,0.3
Q14135,0.9304,122.7,9974.0,249,9974.0,81.3,0.2822,288,0.19,0.0
Q7Z4I7,0.9354,84.9,6877.2,317,6877.2,81.0,0.2389,339,0.21,0.28
Q9BR10,0.9534,149.4,12100.8,79,12100.8,81.0,0.3599,225,0.13,0.0
P01591,0.9622,580.1,46950.0,15,46950.0,80.9,0.5155,157,0.22,0.33
O95498,0.9252,120.5,9693.8,501,9693.8,80.4,0.1553,518,0.21,0.32
P38936,0.9281,165.2,13268.5,34,13268.5,80.3,0.4957,162,0.16,0.03
Q5SRR4,0.9504,346.1,27718.2,28,27718.2,80.1,0.5412,148,0.21,0.31
Q5DX21,0.9278,123.8,9835.5,251,9835.5,79.5,0.1852,429,0.12,0.25
O75631,0.93,119.8,9513.5,207,9513.5,79.4,0.2786,285,0.27,0.16
Q9HBW1,0.952,207.4,16457.4,516,16457.4,79.4,0.1219,651,0.16,0.15
B6A8C7,0.9369,166.9,13240.5,233,13240.5,79.3,0.2949,269,0.19,0.36
P17677,0.9346,82.0,6466.9,45,6466.9,78.9,0.3342,236,0.17,0.0
P04629,0.923,102.8,8108.7,424,8108.7,78.9,0.0993,794,0.23,0.24
P15976,0.9223,49.1,3853.6,54,3853.6,78.5,0.1911,411,0.1,0.02
Q5T2D2,0.9281,156.5,12291.0,278,12291.0,78.5,0.2462,319,0.17,0.18
A0A0K0K1A5,0.9643,238.6,18718.7,6,18718.7,78.4,0.7003,112,0.14,0.4
O43692,0.9405,180.5,14101.5,41,14101.5,78.1,0.3052,256,0.27,0.18
Q8N4C9,0.9211,205.7,16062.2,188,16062.2,78.1,0.286,273,0.18,0.05
Q9BWG4,0.9286,95.8,7450.4,15,7450.4,77.8,0.2031,383,0.17,0.0
Q9H4M3,0.9315,85.2,6608.7,13,6608.7,77.6,0.3067,253,0.24,0.28
A6NKQ9,0.9439,151.8,11775.4,34,11775.4,77.5,0.4192,185,0.11,0.25
Q8NCJ5,0.9358,68.1,5275.7,20,5275.7,77.5,0.1761,440,0.09,0.34
Q86TY3,0.9282,60.5,4679.9,726,4679.9,77.4,0.1002,772,0.11,0.0
Q9BUZ4,0.9275,94.2,7288.9,294,7288.9,77.4,0.1653,468,0.3,0.23
Q8N999,0.9315,49.3,3807.8,88,3807.8,77.2,0.2391,323,0.19,0.28
O14966,0.9401,283.8,21891.4,22,21891.4,77.1,0.3837,201,0.36,0.26
Q96F05,0.9338,102.0,7855.6,415,7855.6,77.0,0.1723,447,0.16,0.0
Q8NHL6,0.9391,131.7,10091.5,5,10091.5,76.6,0.1183,648,0.09,0.3
Q9NR96,0.9269,73.2,5586.9,12,5586.9,76.3,0.0741,1030,0.22,0.14
Q99426,0.9299,107.6,8216.1,142,8216.1,76.3,0.3154,242,0.26,0.26
Q6UW56,0.9439,317.9,24254.4,15,24254.4,76.3,0.3361,227,0.28,0.19
P13726,0.9551,225.7,17219.7,261,17219.7,76.3,0.2604,293,0.19,0.32
Q96D59,0.933,355.8,27004.7,182,27004.7,75.9,0.3995,190,0.28,0.15
Q8IXQ4,0.9509,359.2,27160.0,283,27160.0,75.6,0.2237,338,0.29,0.01
A6NCQ9,0.9236,165.9,12490.6,193,12490.6,75.3,0.3453,218,0.22,0.06
Q8WW33,0.9525,323.4,24319.5,78,24319.5,75.2,0.4557,165,0.3,0.07
Q6IPX3,0.941,61.8,4634.5,144,4634.5,75.1,0.3791,198,0.15,0.0
P43357,0.9265,206.3,15441.6,152,15441.6,74.9,0.2399,312,0.37,0.09
O60487,0.9382,1203.5,89935.8,159,89935.8,74.7,0.3508,213,0.4,0.28
P38484,0.9454,222.3,16573.6,247,16573.6,74.5,0.2225,335,0.19,0.29
P52797,0.9449,144.8,10779.2,4,10779.2,74.5,0.3155,236,0.16,0.23
P42081,0.9513,129.1,9587.3,259,9587.3,74.3,0.2271,327,0.11,0.35
P01037,0.9215,381.3,28259.8,6,28259.8,74.1,0.5332,139,0.33,0.34
Q9H992,0.9293,76.3,5647.3,640,5647.3,74.0,0.1054,702,0.17,0.02
P16150,0.9488,152.2,11239.7,266,11239.7,73.8,0.1855,398,0.12,0.0
Q16842,0.9411,281.2,20719.3,107,20719.3,73.7,0.2117,348,0.35,0.11
Q9NWQ8,0.9397,112.9,8315.5,20,8315.5,73.7,0.1713,430,0.1,0.0
P26718,0.9265,266.2,19601.0,73,19601.0,73.6,0.344,214,0.22,0.21
Q9UKR3,0.945,84.3,6176.9,268,6176.9,73.2,0.2663,275,0.12,0.29
P15391,0.9266,73.7,5391.6,317,5391.6,73.2,0.1321,554,0.12,0.2
P22794,0.9226,215.5,15699.1,132,15699.1,72.8,0.3113,234,0.27,0.0
Q9NUG4,0.9215,136.3,9923.4,429,9923.4,72.8,0.128,569,0.26,0.1
Q8IXK0,0.9206,73.8,5349.1,86,5349.1,72.5,0.0847,856,0.16,0.02
Q9H5Y7,0.9409,101.7,7357.0,627,7357.0,72.4,0.0863,839,0.19,0.11
P19875,0.9536,1125.0,81131.9,19,81131.9,72.1,0.6869,105,0.36,0.18
Q8TAG5,0.923,199.6,14372.1,14,14372.1,72.0,0.3077,234,0.22,0.28
O60939,0.9448,475.2,34104.4,172,34104.4,71.8,0.3369,213,0.24,0.25
P19387,0.9354,145.1,10404.1,248,10404.1,71.7,0.2627,273,0.27,0.26
P42830,0.9523,446.9,32019.1,19,32019.1,71.7,0.6398,112,0.27,0.17
P52758,0.9313,160.3,11480.6,52,11480.6,71.6,0.5303,135,0.28,0.27
Q68CQ7,0.9397,275.9,19649.1,7,19649.1,71.2,0.193,369,0.4,0.13
O75023,0.94,120.8,8578.2,466,8578.2,71.0,0.1208,588,0.08,0.34
P01699,0.9574,142.5,10115.5,6,10115.5,71.0,0.6173,115,0.07,0.32
Q5VV16,0.921,67.0,4736.3,154,4736.3,70.7,0.1709,414,0.15,0.03
P78364,0.9237,103.2,7300.4,377,7300.4,70.7,0.0706,1002,0.21,0.01
Q3MIW9,0.926,96.9,6831.7,451,6831.7,70.5,0.137,515,0.14,0.0
M0QZC1,0.9302,101.4,7123.9,201,7123.9,70.3,0.2149,327,0.16,0.08
A6NMB1,0.9228,100.4,7054.1,448,7054.1,70.3,0.1467,479,0.11,0.43
Q2TBC4,0.9295,67.2,4703.1,57,4703.1,70.0,0.2048,342,0.18,0.17
Q86YW7,0.963,229.0,16034.0,10,16034.0,70.0,0.5471,128,0.13,0.42
Q8N128,0.9305,344.3,24087.8,156,24087.8,70.0,0.3316,211,0.33,0.03
P01222,0.9389,116.0,8107.5,1,8107.5,69.9,0.5138,136,0.17,0.36
Q9UK22,0.9219,139.9,9770.6,39,9770.6,69.8,0.2376,294,0.25,0.25
P20916,0.921,82.4,5751.6,515,5751.6,69.8,0.1119,624,0.1,0.42
Q9H2B2,0.9437,126.6,8835.5,27,8835.5,69.8,0.165,423,0.11,0.31
Q96MT0,0.9251,212.4,14821.6,104,14821.6,69.8,0.4333,161,0.12,0.13
O43581,0.9438,150.3,10464.8,20,10464.8,69.6,0.1736,401,0.14,0.33
P13861,0.9212,176.4,12259.4,126,12259.4,69.5,0.1729,402,0.31,0.21
Q5R3F8,0.9217,94.8,6577.2,5,6577.2,69.4,0.0848,818,0.21,0.12
P82932,0.9264,120.4,8332.2,17,8332.2,69.2,0.5628,123,0.27,0.34
P48059,0.9325,65.6,4537.6,311,4537.6,69.2,0.2141,323,0.18,0.29
A0A0A0MS15,0.9446,87.2,6012.6,9,6012.6,69.0,0.5897,117,0.12,0.4
Q9BQQ7,0.931,270.5,18627.9,218,18627.9,68.9,0.2995,230,0.28,0.2
A6NI73,0.9207,159.7,10988.3,23,10988.3,68.8,0.2317,297,0.16,0.34
O75493,0.9245,40.2,2767.0,264,2767.0,68.8,0.211,326,0.16,0.26
O14669,0.9311,922.2,63402.4,114,63402.4,68.8,0.3438,200,0.45,0.0
Q8N6M9,0.9422,39.2,2688.4,72,2688.4,68.5,0.4791,143,0.12,0.11
P0CG40,0.9263,50.1,3426.5,465,3426.5,68.4,0.1419,482,0.17,0.03
P0C6S8,0.9314,54.4,3699.3,542,3699.3,68.0,0.1153,590,0.11,0.22
Q96T25,0.9319,84.3,5699.9,141,5699.9,67.6,0.1062,637,0.14,0.03
P34910,0.9269,80.8,5452.6,5,5452.6,67.5,0.1514,446,0.12,0.0
Q96GP6,0.9231,31.9,2150.1,439,2150.1,67.5,0.0777,869,0.08,0.13
Q9H756,0.9428,118.4,7987.1,278,7987.1,67.5,0.1833,368,0.17,0.1
P15509,0.9218,85.7,5782.8,342,5782.8,67.5,0.1695,398,0.11,0.34
Q5XKK7,0.9234,127.0,8556.2,145,8556.2,67.4,0.3437,196,0.17,0.04
Q14119,0.9275,263.4,17727.0,340,17727.0,67.3,0.1297,519,0.29,0.13
Q6UY11,0.9315,99.0,6624.2,319,6624.2,66.9,0.1756,381,0.1,0.17
Q969W9,0.926,146.7,9801.0,39,9801.0,66.8,0.2345,285,0.22,0.0
Q8NBV8,0.9221,93.3,6230.0,36,6230.0,66.8,0.1735,385,0.16,0.31
O15371,0.9357,190.7,12718.5,537,12718.5,66.7,0.1222,546,0.32,0.2
Q99965,0.9256,111.3,7411.0,304,7411.0,66.6,0.0909,733,0.21,0.25
Q7RTU1,0.9291,198.4,13168.8,79,13168.8,66.4,0.3131,212,0.27,0.0
Q86YW5,0.921,172.8,11472.9,179,11472.9,66.4,0.2148,309,0.17,0.19
Q6PCB8,0.9265,178.1,11746.1,271,11746.1,65.9,0.2029,325,0.21,0.37
P32970,0.9383,231.1,15115.8,36,15115.8,65.4,0.3425,191,0.21,0.36
P13688,0.9259,98.9,6453.5,439,6453.5,65.2,0.1245,524,0.1,0.37
Q9H5V7,0.9363,126.4,8223.7,256,8223.7,65.1,0.156,417,0.21,0.06
A6NCL2,0.939,122.2,7915.8,9,7915.8,64.8,0.4126,157,0.17,0.2
O60258,0.9347,126.2,8170.5,15,8170.5,64.7,0.3024,214,0.17,0.27
Q96HH9,0.922,157.0,10160.1,348,10160.1,64.7,0.1505,430,0.29,0.11
Q9BQR3,0.9208,61.1,3956.2,188,3956.2,64.7,0.2247,288,0.09,0.29
Q6JVE6,0.9529,411.6,26551.5,9,26551.5,64.5,0.3487,185,0.24,0.34
P0DTE1,0.9369,89.4,5761.9,6,5761.9,64.4,0.5702,113,0.16,0.41
Q8NET5,0.9317,135.6,8726.1,175,8726.1,64.4,0.2402,268,0.17,0.23
Q9Y5Z0,0.9238,65.7,4217.7,482,4217.7,64.2,0.1245,516,0.16,0.29
Q9BS40,0.9273,144.2,9258.7,7,9258.7,64.2,0.2918,220,0.22,0.41
P15151,0.927,102.0,6532.5,360,6532.5,64.1,0.1544,415,0.12,0.41
Q9UIB8,0.9257,133.3,8537.4,232,8537.4,64.0,0.1867,343,0.2,0.28
Q9UNI1,0.9201,24.4,1559.3,250,1559.3,63.9,0.2496,256,0.1,0.33
Q5JVS0,0.9562,109.0,6959.5,58,6959.5,63.8,0.1553,411,0.1,0.0
F5H284,0.9306,36.9,2351.1,139,2351.1,63.7,0.3934,162,0.14,0.32
Q92522,0.9376,108.6,6892.8,51,6892.8,63.5,0.3007,211,0.18,0.07
P01714,0.927,75.5,4770.4,8,4770.4,63.2,0.5747,110,0.06,0.34
Q8NBJ7,0.921,39.0,2463.5,149,2463.5,63.2,0.2113,299,0.16,0.22
P19957,0.9433,280.4,17689.5,7,17689.5,63.1,0.5486,115,0.17,0.07
Q14508,0.9443,82.7,5195.2,8,5195.2,62.8,0.515,122,0.17,0.2
Q8N456,0.9211,77.7,4870.6,215,4870.6,62.7,0.242,259,0.27,0.1
O60907,0.9241,117.2,7327.6,168,7327.6,62.5,0.1087,575,0.16,0.31
C9J202,0.9273,127.4,7952.4,113,7952.4,62.4,0.2931,213,0.3,0.18
A0A0U1RQG5,0.9439,317.7,19818.3,95,19818.3,62.4,0.1937,322,0.2,0.0
P51512,0.9241,140.6,8728.8,239,8728.8,62.1,0.1026,605,0.24,0.2
A0A0B4J240,0.9524,242.8,15063.4,5,15063.4,62.0,0.554,112,0.17,0.41
P08294,0.9261,140.2,8687.5,44,8687.5,62.0,0.2604,238,0.23,0.28
P59901,0.9214,78.3,4851.2,452,4851.2,62.0,0.1247,497,0.08,0.42
P21781,0.9301,81.7,5046.8,20,5046.8,61.8,0.3218,192,0.18,0.32
Q7Z6L0,0.9381,85.4,5273.4,327,5273.4,61.7,0.1827,338,0.19,0.0
P01178,0.9446,123.7,7631.7,5,7631.7,61.7,0.5014,123,0.29,0.24
Q96GK7,0.9216,71.0,4372.4,79,4372.4,61.6,0.1974,312,0.26,0.3
Q14242,0.9514,199.1,12256.1,320,12256.1,61.6,0.1501,410,0.13,0.0
Q6EMK4,0.9423,76.1,4664.4,580,4664.4,61.3,0.0914,671,0.12,0.16
Q6P9G4,0.9281,402.7,24651.1,6,24651.1,61.2,0.3382,181,0.35,0.0
A0A1W2PQ73,0.9347,71.8,4397.6,134,4397.6,61.2,0.1739,352,0.19,0.04
P05161,0.9357,117.7,7175.7,27,7175.7,61.0,0.374,163,0.21,0.34
P20042,0.9267,111.1,6757.4,323,6757.4,60.8,0.1838,331,0.19,0.09
A0A096LNW5,0.9418,81.2,4913.0,7,4913.0,60.5,0.2225,272,0.16,0.27
Q6PF18,0.9286,53.2,3213.6,223,3213.6,60.4,0.2536,238,0.12,0.5
O95925,0.9625,440.0,26530.2,5,26530.2,60.3,0.4602,131,0.27,0.19
Q9Y5P6,0.9212,62.5,3762.4,120,3762.4,60.2,0.1683,358,0.26,0.31
Q96A28,0.9215,274.2,16200.5,248,16200.5,59.1,0.2058,287,0.27,0.36
Q9P0V8,0.9266,91.7,5399.8,239,5399.8,58.9,0.208,283,0.13,0.34
A0A087X0M5,0.9352,124.5,7312.5,4,7312.5,58.7,0.5199,113,0.14,0.4
Q6P6C2,0.9272,183.2,10753.0,36,10753.0,58.7,0.1497,392,0.25,0.17
Q6UWU4,0.9223,252.7,14830.8,62,14830.8,58.7,0.1701,345,0.36,0.16
Q8N3H0,0.9228,267.9,15675.7,12,15675.7,58.5,0.4537,129,0.26,0.37
Q96A04,0.9265,1195.1,69805.1,75,69805.1,58.4,0.4749,123,0.37,0.0
Q9HBL6,0.9274,201.7,11777.1,306,11777.1,58.4,0.1702,343,0.19,0.1
Q8NES3,0.9211,196.4,11435.4,11,11435.4,58.2,0.1545,377,0.37,0.16
A0A1B0GU29,0.9538,390.8,22733.5,62,22733.5,58.2,0.3878,150,0.31,0.0
Q5VZF2,0.9303,223.0,12912.0,92,12912.0,57.9,0.1561,371,0.22,0.07
Q8NDC4,0.9467,76.0,4395.5,137,4395.5,57.9,0.4018,144,0.1,0.52
P52803,0.9299,187.8,10833.0,7,10833.0,57.7,0.2553,226,0.24,0.21
O75056,0.9204,54.8,3163.0,397,3163.0,57.7,0.1311,440,0.12,0.0
Q96FF9,0.932,135.5,7766.0,236,7766.0,57.3,0.2292,250,0.15,0.0
Q8N3T1,0.9286,164.8,9429.4,434,9429.4,57.2,0.0898,637,0.28,0.22
P16035,0.9261,99.7,5703.1,5,5703.1,57.2,0.2623,218,0.28,0.28
P61769,0.9299,105.9,6039.7,4,6039.7,57.0,0.4875,117,0.12,0.44
P05981,0.9236,86.9,4936.1,87,4936.1,56.8,0.1369,415,0.2,0.3
P55075,0.926,130.1,7374.0,12,7374.0,56.7,0.2453,231,0.19,0.24
Q9HC57,0.9493,218.5,12377.5,12,12377.5,56.7,0.2599,218,0.14,0.12
P80188,0.9248,125.6,7101.3,166,7101.3,56.5,0.2884,196,0.2,0.37
Q9Y4P3,0.9238,191.1,10793.3,6,10793.3,56.5,0.1269,445,0.19,0.36
Q8IZD4,0.921,94.6,5337.4,596,5337.4,56.4,0.0918,615,0.2,0.09
Q16663,0.9345,78.7,4423.9,10,4423.9,56.2,0.5064,111,0.18,0.14
Q8N9R6,0.9222,237.1,13273.6,51,13273.6,56.0,0.3732,150,0.25,0.01
A0A0B4J2A2,0.9278,35.1,1965.3,30,1965.3,55.9,0.3451,162,0.14,0.32
A0A0B4J271,0.936,369.2,20266.8,12,20266.8,54.9,0.4901,112,0.2,0.4
Q7Z7D3,0.9369,149.1,8160.3,13,8160.3,54.7,0.1955,280,0.14,0.42
Q15370,0.9355,102.2,5581.5,23,5581.5,54.6,0.4707,116,0.13,0.34
A0A075B759,0.9402,40.3,2198.9,139,2198.9,54.5,0.3366,162,0.14,0.32
A1L162,0.9493,350.6,19068.9,87,19068.9,54.4,0.3531,154,0.3,0.0
Q06643,0.925,150.1,8140.2,23,8140.2,54.2,0.2242,242,0.17,0.36
P04085,0.9204,156.1,8443.2,4,8443.2,54.1,0.2588,209,0.19,0.3
Q8WTV1,0.922,385.5,20836.5,205,20836.5,54.1,0.2281,237,0.27,0.05
Q9GZV9,0.9339,86.4,4657.6,6,4657.6,53.9,0.2165,249,0.12,0.23
Q6UW15,0.9358,153.3,8254.6,12,8254.6,53.9,0.3113,173,0.25,0.23
P52798,0.9376,289.9,15579.0,186,15579.0,53.7,0.27,199,0.2,0.24
P12544,0.9281,42.0,2238.4,253,2238.4,53.3,0.2051,260,0.09,0.29
Q8TC17,0.941,66.9,3555.6,69,3555.6,53.1,0.4582,116,0.15,0.34
P11279,0.9446,185.0,9828.4,393,9828.4,53.1,0.128,415,0.11,0.47
Q86UE4,0.926,55.1,2926.4,58,2926.4,53.1,0.0916,580,0.16,0.0
Q06141,0.934,125.4,6645.6,13,6645.6,53.0,0.3062,173,0.25,0.23
Q9NQX7,0.9202,242.9,12787.5,72,12787.5,52.6,0.1987,265,0.21,0.29
P46695,0.9468,420.9,21881.0,85,21881.0,52.0,0.3376,154,0.23,0.0
A0A0C4DH69,0.956,153.1,7949.9,8,7949.9,51.9,0.4515,115,0.1,0.36
Q9BYW3,0.9229,208.9,10822.8,12,10822.8,51.8,0.4753,109,0.27,0.16
O43169,0.925,181.4,9394.5,136,9394.5,51.8,0.35,148,0.34,0.13
Q6ISS4,0.9537,247.6,12824.9,5,12824.9,51.8,0.3453,150,0.16,0.35
P01229,0.9291,93.4,4834.6,4,4834.6,51.8,0.3723,139,0.1,0.33
A0A7I2V3R4,0.9207,421.7,21614.8,250,21614.8,51.3,0.1494,343,0.32,0.05
A0A0A0MRZ9,0.9275,67.2,3439.3,2,3439.3,51.2,0.4198,122,0.14,0.35
A0A0C4DH72,0.9284,57.4,2929.4,9,2929.4,51.0,0.4437,115,0.1,0.36
P0DN86,0.9291,112.8,5750.8,8,5750.8,51.0,0.3127,163,0.12,0.29
Q8IV16,0.9215,55.5,2803.1,6,2803.1,50.6,0.2778,182,0.06,0.24
P01258,0.9323,1374.4,69454.5,49,69454.5,50.5,0.3636,139,0.49,0.0
Q9H2H8,0.9273,33.5,1665.2,27,1665.2,49.7,0.3127,159,0.15,0.28
Q8N8A8,0.9402,136.2,6745.6,93,6745.6,49.5,0.2606,190,0.18,0.14
A0A0B4J1U6,0.9267,88.0,4310.3,5,4310.3,49.0,0.4372,112,0.13,0.4
Q6UXZ0,0.933,370.5,18124.2,229,18124.2,48.9,0.1881,260,0.22,0.41
A0A075B767,0.9203,31.5,1537.1,30,1537.1,48.8,0.301,162,0.14,0.33
Q9H2A7,0.9234,372.2,18114.7,209,18114.7,48.7,0.1931,252,0.32,0.06
A0A0C4DH67,0.9242,52.0,2511.7,7,2511.7,48.3,0.4272,113,0.1,0.36
Q9NPF0,0.9305,167.9,8084.2,246,8084.2,48.1,0.1719,280,0.21,0.04
P04216,0.9221,204.3,9814.1,149,9814.1,48.0,0.3021,159,0.25,0.4
P0DTL4,0.9319,580.0,27523.4,8,27523.4,47.5,0.3595,132,0.29,0.27
A0A0B4J263,0.9474,165.0,7769.1,5,7769.1,47.1,0.436,108,0.17,0.41
Q9H9R9,0.9316,65.0,3055.2,85,3055.2,47.0,0.3015,156,0.1,0.0
Q7RTY9,0.9219,72.5,3399.0,308,3399.0,46.9,0.1484,316,0.2,0.26
Q9Y651,0.9238,196.7,9044.8,157,9044.8,46.0,0.1678,274,0.31,0.04
P17483,0.941,400.3,18392.3,210,18392.3,45.9,0.1845,249,0.2,0.0
Q14247,0.9238,172.0,7891.7,379,7891.7,45.9,0.0837,548,0.23,0.06
Q16609,0.9301,51.5,2363.1,4,2363.1,45.9,0.3527,130,0.09,0.13
P32971,0.9201,260.2,11909.6,55,11909.6,45.8,0.1973,232,0.19,0.33
Q2I0M5,0.9273,82.1,3748.3,5,3748.3,45.7,0.1968,232,0.1,0.31
P0DPK3,0.9329,47.4,2160.9,9,2160.9,45.6,0.1669,273,0.07,0.31
Q9Y2R5,0.9218,105.0,4763.6,122,4763.6,45.4,0.3544,128,0.15,0.39
O75425,0.921,165.8,7516.7,189,7516.7,45.3,0.1945,233,0.21,0.26
P01599,0.9273,61.5,2782.4,9,2782.4,45.2,0.3934,115,0.1,0.36
P41439,0.9391,220.4,9917.2,7,9917.2,45.0,0.1851,243,0.35,0.12
A0A3B3IRV3,0.9409,107.1,4809.3,24,4809.3,44.9,0.251,179,0.31,0.27
Q6FIF0,0.9244,69.9,3128.1,32,3128.1,44.7,0.2172,206,0.14,0.04
P0DN26,0.9331,42.0,1868.3,30,1868.3,44.5,0.2748,162,0.14,0.32
A0A075B6V5,0.9429,161.9,7183.3,10,7183.3,44.4,0.3996,111,0.14,0.4
A0A0K0K1C4,0.938,119.2,5241.4,6,5241.4,44.0,0.3926,112,0.14,0.41
P57087,0.9295,206.1,9051.7,240,9051.7,43.9,0.1484,296,0.21,0.34
A0A0C4DH38,0.9355,82.2,3567.3,6,3567.3,43.4,0.3773,115,0.16,0.39
O43508,0.927,143.9,6238.8,32,6238.8,43.4,0.1755,247,0.14,0.31
A0A075B6I6,0.9201,77.3,3347.3,2,3347.3,43.3,0.3734,116,0.1,0.32
A0A087WSZ9,0.9253,235.0,10077.7,2,10077.7,42.9,0.3899,110,0.2,0.37
Q96A37,0.9248,119.1,5093.6,225,5093.6,42.8,0.182,235,0.36,0.11
P16455,0.9267,157.2,6719.2,61,6719.2,42.7,0.2085,205,0.32,0.12
P41273,0.9395,268.4,11381.9,39,11381.9,42.4,0.1682,252,0.14,0.33
O75398,0.9335,238.3,10082.7,485,10082.7,42.3,0.0751,563,0.22,0.06
P06331,0.9275,165.7,7005.5,1,7005.5,42.3,0.3495,121,0.19,0.41
Q86WS3,0.9295,111.6,4702.0,4,4702.0,42.1,0.27,156,0.13,0.34
P01225,0.9274,94.8,3987.6,3,3987.6,42.1,0.3314,127,0.14,0.41
P20783,0.9271,164.3,6909.7,46,6909.7,42.1,0.1649,255,0.22,0.26
P58294,0.9497,261.3,10976.1,5,10976.1,42.0,0.4079,103,0.19,0.21
Q8TCV5,0.9338,85.1,3550.5,6,3550.5,41.7,0.1879,222,0.1,0.16
Q496F6,0.9256,178.4,7399.9,4,7399.9,41.5,0.2043,203,0.22,0.27
Q9HAV0,0.9292,77.5,3175.2,17,3175.2,40.9,0.1211,338,0.08,0.45
P50402,0.9301,145.1,5937.3,39,5937.3,40.9,0.1624,252,0.23,0.0
Q5T700,0.9298,98.3,4016.7,38,4016.7,40.9,0.2014,203,0.26,0.12
Q92828,0.9204,87.4,3538.0,482,3538.0,40.5,0.0774,523,0.12,0.32
Q9BXN2,0.9242,220.7,8932.6,66,8932.6,40.5,0.1652,245,0.22,0.16
Q96LR4,0.9242,455.0,18409.7,9,18409.7,40.5,0.2932,138,0.33,0.35
Q5H9L2,0.928,57.8,2332.1,150,2332.1,40.4,0.198,204,0.15,0.0
A0A0A0MS06,0.9309,88.0,3539.8,6,3539.8,40.2,0.356,113,0.19,0.4
Q15369,0.9257,383.4,15296.8,102,15296.8,39.9,0.3627,110,0.38,0.14
Q96G27,0.9235,262.8,10385.2,63,10385.2,39.5,0.148,267,0.25,0.04
P23284,0.9212,98.7,3899.3,12,3899.3,39.5,0.1846,214,0.23,0.27
P27169,0.926,86.0,3390.2,9,3390.2,39.4,0.1117,353,0.13,0.4
A0A0B4J279,0.9448,176.2,6859.5,7,6859.5,38.9,0.354,110,0.14,0.43
Q6P587,0.925,77.1,2999.0,167,2999.0,38.9,0.1777,219,0.24,0.36
A0A1B0GW64,0.9228,215.7,8367.1,53,8367.1,38.8,0.2984,130,0.24,0.0
A0A0C4DH68,0.9221,58.6,2239.3,0,2239.3,38.2,0.3236,118,0.12,0.36
A0A0K0K1G8,0.9226,107.1,4061.1,5,4061.1,37.9,0.3385,112,0.15,0.41
Q9UBX7,0.9281,64.2,2418.6,274,2418.6,37.7,0.1346,280,0.14,0.28
Q8N8N0,0.9292,293.8,11024.6,173,11024.6,37.5,0.1867,201,0.28,0.12
Q13253,0.9205,238.2,8927.7,10,8927.7,37.5,0.163,230,0.29,0.23
Q9H112,0.9415,555.7,20488.1,6,20488.1,36.9,0.2711,136,0.33,0.37
A0A0A6YYK6,0.9362,131.7,4796.9,7,4796.9,36.4,0.3403,107,0.15,0.37
Q8IUB2,0.9269,60.3,2183.6,8,2183.6,36.2,0.1581,229,0.16,0.23
P0DN87,0.9299,107.4,3885.7,5,3885.7,36.2,0.2219,163,0.15,0.28
P09341,0.9207,510.7,18090.8,21,18090.8,35.4,0.3374,105,0.35,0.18
Q9H6Y7,0.9202,191.1,6679.5,182,6679.5,34.9,0.1004,348,0.23,0.17
O43557,0.9224,322.5,10930.9,44,10930.9,33.9,0.1424,238,0.24,0.32
Q8N111,0.921,279.6,9442.9,131,9442.9,33.8,0.2298,147,0.22,0.0
P62316,0.9232,128.8,4314.8,16,4314.8,33.5,0.2887,116,0.31,0.37
Q6UXB3,0.9297,152.1,5040.7,5,5040.7,33.1,0.2695,123,0.11,0.22
Q5T1S8,0.9207,755.6,25046.0,34,25046.0,33.1,0.3315,100,0.5,0.0
A0A0B4J235,0.9212,237.4,7860.5,6,7860.5,33.1,0.2983,111,0.19,0.36
Q2I0M4,0.9218,115.7,3692.6,289,3692.6,31.9,0.0961,332,0.23,0.1
A0A0K0K1G6,0.9216,123.0,3915.3,5,3915.3,31.8,0.2841,112,0.15,0.42
Q969E4,0.9255,73.0,2277.6,144,2277.6,31.2,0.1576,198,0.18,0.0
P55000,0.922,132.3,4129.1,4,4129.1,31.2,0.3089,101,0.18,0.3
O76080,0.9297,111.1,3438.3,33,3438.3,30.9,0.1466,211,0.15,0.04
Q8NG41,0.9263,205.2,6274.0,8,6274.0,30.6,0.2486,123,0.28,0.15
A0A0J9YXX1,0.9306,101.2,2790.0,6,2790.0,27.6,0.2397,115,0.16,0.39
P42127,0.926,185.7,5070.7,11,5070.7,27.3,0.2101,130,0.15,0.12
P04118,0.9202,250.7,5276.1,10,5276.1,21.0,0.1913,110,0.26,0.21
