label,pdb_id,chain,n_residues,n_valid,gini,kappa2_mean,kappa2_median,kappa2_max,kappa2_std,alpha,beta,loop,frac_alpha,frac_beta,kappa2_alpha,kappa2_beta,kappa2_loop,ligand,ligand_atoms,top1_res,top1_kappa2
1AKI,1AKI,A,129,125,0.8451,23.3,0.7,306.4,56.7,61,33,31,0.49,0.26,45.9,1.8,1.5,NONE,0,28,306.4
193L,193L,A,129,125,0.8936,62.2,0.9,1975.2,218.8,57,34,34,0.46,0.27,134.7,1.4,1.4,NONE,0,81,1975.2
1AKE,1AKE,A,214,210,0.7783,38.3,5.5,719.2,80.4,118,66,26,0.56,0.31,63.7,7.5,1.1,AP5,114,165,719.2
1BIN,1BIN,A,143,139,0.6683,82.2,41.2,633.9,118.3,110,17,12,0.79,0.12,102.1,10.7,2.0,HEM,86,108,633.9
1BG2,1BG2,A,323,319,0.8736,46.5,2.1,1346.5,151.0,118,148,53,0.37,0.46,116.2,7.0,1.4,ADP,27,260,1346.5
1BZP,1BZP,A,153,149,0.7367,174.7,50.1,2965.4,359.0,125,13,11,0.84,0.09,208.0,0.6,1.6,HEM,43,109,2965.4
1CLL,1CLL,A,144,140,0.7807,67.2,14.5,1296.7,161.7,96,24,20,0.69,0.17,97.5,1.7,0.4,EOH,3,49,1296.7
1BZR,1BZR,A,153,149,0.7554,172.0,54.6,2428.2,361.6,125,13,11,0.84,0.09,204.8,0.5,1.6,CMO,2,30,2428.2
1DLY,1DLY,A,121,117,0.7259,58.4,9.6,573.8,99.2,83,19,15,0.71,0.16,81.3,3.6,0.8,CYN,2,14,573.8
1CFD,1CFD,A,148,144,0.691,19.3,5.9,234.4,31.9,92,27,25,0.64,0.19,29.3,2.4,1.1,NONE,0,68,234.4
1CDK,1CDK,A,342,338,0.7943,20.8,1.5,354.1,45.9,161,132,45,0.48,0.39,39.6,4.7,0.5,ANP,62,27,354.1
1D8U,1D8U,A,165,161,0.724,87.3,29.3,922.5,148.4,121,23,17,0.75,0.14,115.6,1.1,2.4,HEM,86,146,922.5
1EVE,1EVE,A,534,530,0.9832,322.5,1.7,145194.8,6305.7,232,217,81,0.44,0.41,732.8,3.8,0.8,E20,28,367,145194.8
1EA5,1EA5,A,532,528,0.8973,62.8,1.7,3643.4,259.6,225,218,85,0.43,0.41,142.6,4.6,0.7,NAG,28,355,3643.4
1ERK,1ERK,A,357,353,0.8281,17.0,1.0,327.7,41.4,153,129,71,0.43,0.37,36.5,2.4,1.4,NONE,0,304,327.7
1BMF,1BMF,A,487,483,0.8094,18.1,2.6,763.6,53.4,224,177,82,0.46,0.37,35.4,4.2,0.9,ANP,124,276,763.6
1AP4,1AP4,A,89,85,0.6515,12.7,5.0,76.9,16.9,61,14,10,0.72,0.16,17.2,1.0,1.2,NONE,0,8,76.9
1CK7,1CK7,A,619,615,0.8303,8.6,0.9,344.0,25.6,158,341,116,0.26,0.55,21.6,5.3,0.6,NONE,0,142,344.0
1FSX,1FSX,A,141,137,0.741,109.0,27.5,1444.4,210.7,112,14,11,0.82,0.1,133.0,0.8,1.9,CMO,8,108,1444.4
1FDH,1FDH,A,141,137,0.6918,42.3,18.6,632.3,75.9,108,14,15,0.79,0.1,53.3,0.8,1.3,ACE,6,64,632.3
1FMV,1FMV,A,743,739,0.8403,37.9,2.4,2309.1,126.0,381,267,91,0.52,0.36,70.9,3.6,0.8,NONE,0,105,2309.1
1FTJ,1FTJ,A,258,254,0.8683,41.8,1.4,1100.1,120.7,111,107,36,0.44,0.42,91.0,4.1,2.0,GLU,30,126,1100.1
1GDI,1GDI,A,153,149,0.5997,33.9,22.9,224.7,42.3,121,20,8,0.81,0.13,41.3,1.6,1.5,CMO,2,135,224.7
1GD6,1GD6,A,119,115,0.8796,39.4,1.0,887.4,119.0,54,32,29,0.47,0.28,81.3,3.6,0.8,NONE,0,87,887.4
1F55,1F55,A,77,73,0.6586,11.5,4.0,60.3,15.1,45,11,17,0.62,0.15,18.4,0.9,0.3,NONE,0,8,60.3
1G09,1G09,A,141,137,0.6787,64.5,31.6,1160.7,119.3,111,16,10,0.81,0.12,79.4,0.8,1.4,CMO,8,29,1160.7
1FTK,1FTK,A,250,246,0.8524,45.0,1.5,1501.5,132.9,107,102,37,0.43,0.41,100.0,3.2,1.4,KAI,15,265,1501.5
1HHP,1HHP,A,99,95,0.6409,3.8,1.8,45.3,6.1,9,70,16,0.09,0.74,3.6,4.5,0.6,NONE,0,58,45.3
1HSG,1HSG,A,99,95,0.6747,5.1,1.5,71.0,9.3,11,69,15,0.12,0.73,10.7,5.2,0.6,MK1,45,91,71.0
1HEL,1HEL,A,129,125,0.8551,37.5,0.9,636.4,97.4,59,32,34,0.47,0.26,78.1,1.5,0.8,NONE,0,92,636.4
1HCK,1HCK,A,294,290,0.8767,37.4,1.3,2470.2,164.4,124,118,48,0.43,0.41,83.1,4.5,0.7,ATP,31,114,2470.2
1HHO,1HHO,A,141,137,0.7827,41.3,9.5,672.4,101.1,107,13,17,0.78,0.09,51.4,0.8,8.3,OXY,4,100,672.4
1F54,1F54,A,77,73,0.6956,11.3,3.4,91.8,18.0,44,17,12,0.6,0.23,18.1,1.0,1.0,NONE,0,38,91.8
1IDR,1IDR,A,127,123,0.8676,128.7,12.0,7835.2,710.2,86,19,18,0.7,0.15,182.6,5.9,0.8,OXY,4,101,7835.2
1IEP,1IEP,A,274,270,0.8175,27.5,1.4,609.8,64.4,116,105,49,0.43,0.39,60.2,3.8,0.7,STI,74,341,609.8
1IOM,1IOM,A,374,370,0.7922,100.2,7.7,3239.8,267.2,237,89,44,0.64,0.24,155.1,3.2,0.8,CO3,4,136,3239.8
1LYZ,1LYZ,A,129,125,0.7469,4.6,1.0,78.0,9.8,53,33,39,0.42,0.26,9.2,1.0,1.3,NONE,0,82,78.0
1IWT,1IWT,A,130,126,0.9464,116.5,0.9,10542.2,935.6,60,35,31,0.48,0.28,243.4,1.4,0.8,NONE,0,123,10542.2
1LZA,1LZA,A,129,125,0.8772,41.5,0.9,1176.3,133.2,56,33,36,0.45,0.26,90.8,1.5,1.4,NONE,0,11,1176.3
1JWR,1JWR,A,130,126,0.8489,38.9,0.9,631.7,96.2,59,35,32,0.47,0.28,81.4,1.3,1.6,NONE,0,92,631.7
1MBD,1MBD,A,153,149,0.9459,495.3,39.3,61769.5,5042.0,127,13,9,0.85,0.09,580.9,0.4,1.7,HEM,43,84,61769.5
1MOH,1MOH,A,142,138,0.8079,154.7,25.7,4088.2,493.8,112,10,16,0.81,0.07,190.1,0.4,3.5,H2S,1,65,4088.2
1NME,1NME,A,146,142,0.8527,34.5,1.4,892.7,97.7,48,71,23,0.34,0.5,82.7,13.0,0.6,159,17,70,892.7
1P38,1P38,A,351,347,0.9289,94.3,1.9,13856.3,772.5,158,140,49,0.46,0.4,199.4,8.3,1.1,NONE,0,233,13856.3
1IG8,1IG8,A,469,465,0.8174,43.9,1.9,1130.2,109.8,229,163,73,0.49,0.35,85.9,4.3,0.8,NONE,0,314,1130.2
1PAU,1PAU,A,135,131,0.8142,19.2,1.5,240.8,43.8,42,64,25,0.32,0.49,48.7,7.2,0.5,ASJ,8,189,240.8
1MUO,1MUO,A,251,247,0.7534,5.1,1.2,170.3,13.8,104,95,48,0.42,0.38,10.2,1.7,1.1,ADN,19,243,170.3
1IXE,1IXE,A,371,367,0.752,54.2,6.5,780.4,101.7,235,89,43,0.64,0.24,82.8,4.4,0.9,COA,192,99,780.4
1P0M,1P0M,A,523,519,0.8587,34.7,1.7,1074.9,104.4,213,207,99,0.41,0.4,79.7,4.4,1.3,FUC,20,245,1074.9
1P0I,1P0I,A,523,519,0.8623,34.4,1.7,2393.7,130.5,213,206,100,0.41,0.4,78.6,4.9,1.4,FUC,20,403,2393.7
1S0Q,1S0Q,A,223,219,0.9141,13.4,0.7,977.2,80.4,41,135,43,0.19,0.62,57.8,4.1,0.6,NONE,0,873,977.2
1UTN,1UTN,A,220,216,0.9233,15.9,0.7,793.5,86.7,41,133,42,0.19,0.62,70.9,3.7,0.7,ABN,16,236,793.5
1UDT,1UDT,A,313,309,0.7863,76.9,11.3,4384.3,276.6,222,44,43,0.72,0.14,106.5,1.3,1.6,VIA,33,791,4384.3
1RJV,1RJV,A,110,106,0.8265,20.5,2.5,593.6,68.1,70,20,16,0.66,0.19,30.2,2.4,0.6,NONE,0,86,593.6
1V4S,1V4S,A,448,444,0.8275,43.1,2.5,1214.2,111.5,218,155,71,0.49,0.35,83.5,5.7,1.1,MRK,23,305,1214.2
1V4T,1V4T,A,424,420,0.7854,15.7,2.3,526.2,42.3,205,136,79,0.49,0.32,29.2,3.8,1.1,NONE,0,377,526.2
1Y57,1Y57,A,452,448,0.8684,27.5,1.3,958.6,85.8,163,216,69,0.36,0.48,69.2,4.6,0.7,MPZ,36,366,958.6
1ZIN,1ZIN,A,217,213,0.8645,112.8,6.0,4651.9,418.6,122,63,28,0.57,0.3,193.6,6.1,1.2,AP5,57,95,4651.9
1VOM,1VOM,A,730,726,0.8353,43.8,2.4,2426.7,140.7,362,260,104,0.5,0.36,83.7,5.6,0.6,ADP,27,644,2426.7
1W8J,1W8J,A,722,718,0.8131,25.5,2.6,1532.3,82.8,352,253,113,0.49,0.35,47.8,5.1,1.7,NONE,0,145,1532.3
1ZIO,1ZIO,A,217,213,0.7878,52.3,5.3,1436.5,127.0,122,64,27,0.57,0.3,76.8,27.1,1.4,AP5,57,112,1436.5
1Z83,1Z83,A,195,191,0.7992,76.0,9.0,1330.8,189.5,118,47,26,0.62,0.25,119.4,8.5,1.1,AP5,171,4,1330.8
2BCX,2BCX,A,142,138,0.7884,101.9,3.4,1720.1,220.4,88,29,21,0.64,0.21,159.2,1.4,0.6,NONE,0,36,1720.1
1SPY,1SPY,A,89,85,0.7535,15.3,3.4,212.1,33.0,55,16,14,0.65,0.19,23.0,1.2,1.0,NONE,0,59,212.1
2C95,2C95,A,195,191,0.8294,112.1,11.7,4657.1,386.2,122,50,19,0.64,0.26,170.3,12.3,0.8,B4P,106,57,4657.1
1W7J,1W7J,A,752,748,0.8419,73.1,3.0,7123.0,322.4,390,262,96,0.52,0.35,135.3,6.4,2.4,ADP,27,770,7123.0
1XCK,1XCK,A,524,520,0.7861,56.4,6.0,2725.3,161.1,293,158,69,0.56,0.3,94.1,11.0,0.4,K,14,159,2725.3
2HHB,2HHB,A,141,137,0.7003,83.2,29.9,1075.9,143.7,110,12,15,0.8,0.09,103.3,0.7,1.9,HEM,172,9,1075.9
2DN1,2DN1,A,140,136,0.7818,181.4,50.5,5486.6,538.3,107,11,18,0.79,0.08,230.0,0.8,3.3,MBN,14,27,5486.6
2DN2,2DN2,A,141,137,0.7723,247.6,43.6,3670.4,510.5,110,13,14,0.8,0.09,308.0,0.7,2.0,HEM,172,133,3670.4
2CTS,2CTS,A,437,433,0.7587,25.7,6.1,776.0,60.9,282,90,61,0.65,0.21,38.4,1.7,2.3,COA,48,245,776.0
2LZM,2LZM,A,164,160,0.7703,61.5,6.3,1025.9,141.9,112,30,18,0.7,0.19,87.5,1.0,0.7,NONE,0,70,1025.9
2J4Z,2J4Z,A,264,260,0.8714,50.9,1.3,1868.7,177.8,123,98,39,0.47,0.38,104.2,4.2,0.4,626,64,221,1868.7
2LHB,2LHB,A,149,145,0.7438,66.4,16.6,1259.7,143.0,114,20,11,0.79,0.14,84.1,2.1,0.7,CYN,2,70,1259.7
2HYY,2HYY,A,263,259,0.829,20.4,1.2,632.7,57.0,110,103,46,0.42,0.4,44.3,3.5,1.1,STI,148,289,632.7
2ERK,2ERK,A,351,347,0.8535,26.6,1.5,824.4,82.0,166,131,50,0.48,0.38,53.2,2.6,0.8,PTR,16,127,824.4
2SRC,2SRC,A,449,445,0.8796,24.8,0.9,987.1,91.1,157,205,83,0.35,0.46,57.0,10.0,0.5,ANP,31,200,987.1
3CLN,3CLN,A,143,139,0.7311,32.8,7.4,399.9,62.1,94,24,21,0.68,0.17,47.9,1.8,1.0,NONE,0,13,399.9
3GI3,3GI3,A,330,326,0.8416,28.1,1.8,753.1,77.2,147,124,55,0.45,0.38,57.6,5.1,1.3,B10,44,300,753.1
4AKE,4AKE,A,214,210,0.8624,52.4,3.6,1705.1,175.4,116,67,27,0.55,0.32,91.7,4.9,1.3,NONE,0,94,1705.1
2YHX,2YHX,A,457,453,0.7924,16.2,1.2,351.8,36.3,209,149,95,0.46,0.33,31.8,3.9,1.0,OTG,21,287,351.8
4CTS,4CTS,A,437,433,0.717,9.5,3.3,163.9,19.6,263,87,83,0.61,0.2,14.2,1.7,2.8,OAA,18,15,163.9
4PEP,4PEP,A,325,321,0.8654,11.7,1.0,764.5,53.8,67,201,53,0.21,0.63,25.9,10.0,0.4,SEP,10,259,764.5
6LYZ,6LYZ,A,129,125,0.7996,11.4,0.9,148.6,25.0,58,32,35,0.46,0.26,23.3,1.4,0.8,NONE,0,7,148.6
3KIN,3KIN,A,238,234,0.7168,8.6,2.5,140.5,18.0,79,120,35,0.34,0.51,16.0,6.1,0.6,ADP,54,71,140.5
4HHB,4HHB,A,141,137,0.698,26.3,8.7,400.2,48.4,104,12,21,0.76,0.09,33.4,0.9,5.2,HEM,172,38,400.2
4EY7,4EY7,A,530,526,0.8852,50.0,1.5,3634.0,214.2,219,215,92,0.42,0.41,115.2,4.7,0.9,E20,56,180,3634.0
4EY4,4EY4,A,530,526,0.8404,35.4,1.6,940.2,91.6,221,215,90,0.42,0.41,79.2,4.9,0.9,PE8,25,180,940.2
