label,pdb_id,chain,n_residues,n_valid,gini,kappa2_mean,kappa2_median,kappa2_max,kappa2_std,alpha,beta,loop,frac_alpha,frac_beta,kappa2_alpha,kappa2_beta,kappa2_loop,ligand,ligand_atoms,top1_res,top1_kappa2,resolution
193L,193L,A,129,125,0.8936,62.2,0.9,1975.2,218.8,57,34,34,0.46,0.27,134.7,1.4,1.4,NONE,0,81,1975.2,1.33
1A19,1A19,A,89,85,0.7339,14.6,4.2,197.0,30.1,44,24,17,0.52,0.28,20.2,14.3,0.7,NONE,0,51,197.0,2.76
1A5Q,1A5Q,A,124,120,0.9063,23.3,1.7,1451.9,136.2,33,66,21,0.28,0.55,75.0,4.6,0.9,NONE,0,7,1451.9,2.3
1A5P,1A5P,A,124,120,0.8844,23.0,1.7,633.5,84.8,34,69,17,0.28,0.57,72.5,4.0,1.2,NONE,0,9,633.5,1.6
1A62,1A62,A,122,118,0.9162,70.3,1.5,2234.6,285.8,43,55,20,0.36,0.47,187.8,3.0,2.5,MSE,24,41,2234.6,1.55
1A52,1A52,A,239,235,0.7061,40.8,14.5,376.6,66.4,172,39,24,0.73,0.17,54.8,2.5,2.1,EST,40,505,376.6,2.8
1A6G,1A6G,A,151,147,0.7428,165.6,60.5,2633.4,359.0,124,11,12,0.84,0.07,196.1,0.5,1.4,CMO,2,129,2633.4,1.15
150L,150L,A,164,160,0.7727,31.9,4.9,754.2,81.1,110,29,21,0.69,0.18,46.0,1.1,0.7,NONE,0,96,754.2,2.2
1A2P,1A2P,A,108,104,0.8728,17.4,0.7,384.4,54.2,31,51,22,0.3,0.49,40.6,10.6,0.5,NONE,0,28,384.4,1.5
1AAC,1AAC,A,104,100,0.7511,5.2,0.9,114.6,13.0,12,76,12,0.12,0.76,0.7,6.6,0.6,NONE,0,17,114.6,1.31
1A6M,1A6M,A,151,147,0.7352,147.1,47.6,1987.9,286.1,124,12,11,0.84,0.08,174.2,0.6,2.3,OXY,2,71,1987.9,1.0
1A42,1A42,A,256,252,0.7648,6.7,1.0,81.3,13.7,59,152,41,0.23,0.6,12.4,6.0,1.0,BZU,23,17,81.3,2.25
1AA9,1AA9,A,171,167,0.6867,5.9,1.5,54.5,9.2,70,57,40,0.42,0.34,11.7,2.0,1.3,GDP,40,130,54.5,
1A8A,1A8A,A,318,314,0.786,53.0,10.7,4124.1,242.7,223,60,31,0.71,0.19,74.0,1.9,0.7,GSE,16,236,4124.1,1.9
1A6N,1A6N,A,151,147,0.6899,125.0,50.9,2266.5,236.1,123,12,12,0.84,0.08,149.1,0.5,2.9,HEM,43,71,2266.5,1.15
1AFU,1AFU,A,124,120,0.8832,20.0,1.5,903.9,87.9,37,68,15,0.31,0.57,57.2,4.0,0.8,NONE,0,9,903.9,2.0
1AHO,1AHO,A,64,60,0.8444,17.5,1.0,210.3,42.0,14,34,12,0.23,0.57,62.5,5.0,0.3,NONE,0,25,210.3,0.964
1A8E,1A8E,A,329,325,0.8496,27.9,1.0,484.8,69.5,145,129,51,0.45,0.4,56.7,6.1,0.8,CO3,4,322,484.8,1.6
1AGP,1AGP,A,166,162,0.8255,32.9,3.2,642.5,85.7,73,71,18,0.45,0.44,66.3,6.7,0.7,GNP,46,135,642.5,2.3
1ABE,1ABE,A,305,301,0.8202,74.5,4.0,1688.9,182.2,158,109,34,0.52,0.36,136.8,7.0,0.9,ARA,10,122,1688.9,1.7
1AKI,1AKI,A,129,125,0.8451,23.3,0.7,306.4,56.7,61,33,31,0.49,0.26,45.9,1.8,1.5,NONE,0,28,306.4,1.5
1ACJ,1ACJ,A,528,524,0.8113,18.0,1.8,537.7,47.8,216,218,90,0.41,0.42,38.8,4.5,1.0,THA,15,464,537.7,2.8
1ALF,1ALF,A,19,15,0.7394,53.0,18.4,501.4,121.4,14,0,1,0.93,0.0,56.5,,3.7,NONE,0,17,501.4,
1AGT,1AGT,A,38,34,0.7748,12.9,2.8,135.8,26.6,13,19,2,0.38,0.56,30.5,2.2,0.2,NONE,0,18,135.8,
1AKK,1AKK,A,104,100,0.7943,8.4,1.0,112.5,18.3,47,35,18,0.47,0.35,16.7,1.1,0.9,HEC,75,4,112.5,
1AHL,1AHL,A,49,45,0.6368,1.1,0.5,7.3,1.6,3,25,17,0.07,0.56,0.4,1.7,0.3,NONE,0,22,7.3,
1AKR,1AKR,A,147,143,0.8363,58.2,2.0,1801.8,173.6,65,57,21,0.45,0.4,117.4,11.8,1.1,FMN,31,106,1801.8,1.58
1AKE,1AKE,A,214,210,0.7783,38.3,5.5,719.2,80.4,118,66,26,0.56,0.31,63.7,7.5,1.1,AP5,114,165,719.2,2.0
1A49,1A49,A,519,515,0.8008,23.0,2.1,555.5,52.6,239,204,72,0.46,0.4,43.9,6.3,1.0,ATP,186,312,555.5,2.1
1AMP,1AMP,A,291,287,0.8313,46.8,1.6,1362.5,127.0,135,106,46,0.47,0.37,94.0,6.4,1.3,NONE,0,129,1362.5,1.8
1AOE,1AOE,A,192,188,0.8878,32.7,1.3,1727.1,151.3,60,106,22,0.32,0.56,88.8,7.7,0.4,NDP,96,38,1727.1,1.6
1ACI,1ACI,A,76,72,0.7003,7.4,1.9,111.5,14.7,35,20,17,0.49,0.28,13.8,1.3,1.6,NONE,0,60,111.5,
1ALK,1ALK,A,449,445,0.8563,22.8,1.4,1010.5,75.9,181,197,67,0.41,0.44,47.6,7.4,1.1,NONE,0,59,1010.5,2.0
1ANX,1ANX,A,316,312,0.7974,57.8,7.2,1271.8,142.7,220,57,35,0.71,0.18,81.3,2.2,0.6,NONE,0,195,1271.8,1.9
1AJ3,1AJ3,A,98,94,0.6618,143.3,67.3,1132.2,210.6,85,3,6,0.9,0.03,158.5,0.6,0.2,NONE,0,103,1132.2,
1ADO,1ADO,A,363,359,0.8318,72.6,2.5,3680.3,234.6,176,128,55,0.49,0.36,144.5,4.7,0.7,13P,24,249,3680.3,1.9
1AQB,1AQB,A,175,171,0.8659,11.9,1.0,444.0,44.5,38,110,23,0.22,0.64,40.1,4.6,0.4,RTL,21,155,444.0,1.65
1AQ1,1AQ1,A,277,273,0.8807,40.2,1.2,1701.2,146.9,124,112,37,0.45,0.41,84.4,4.3,0.6,STU,35,215,1701.2,2.0
1APS,1APS,A,98,94,0.8596,15.3,1.1,240.5,42.8,23,55,16,0.24,0.59,48.8,5.6,0.5,NONE,0,60,240.5,
1AO0,1AO0,A,455,451,0.8229,20.9,1.3,562.6,55.0,168,211,72,0.37,0.47,45.9,7.9,0.8,ADP,108,320,562.6,2.8
1AOF,1AOF,A,532,528,0.8497,11.2,0.9,480.2,38.4,152,293,83,0.29,0.55,22.4,8.4,0.5,DHE,98,59,480.2,2.2
1AO6,1AO6,A,578,574,0.7915,40.9,10.4,1435.2,135.1,438,84,52,0.76,0.15,52.9,2.4,2.2,NONE,0,26,1435.2,2.38
1ARB,1ARB,A,263,259,0.7609,4.3,0.8,83.2,9.9,54,149,56,0.21,0.58,9.2,3.8,0.6,NONE,0,231,83.2,1.2
1AWQ,1AWQ,A,164,160,0.8164,4.8,0.6,88.8,11.9,42,78,40,0.26,0.49,12.2,3.2,0.3,NONE,0,1032,88.8,1.58
1AUA,1AUA,A,296,292,0.8498,32.5,1.5,1564.4,122.1,146,80,66,0.5,0.27,62.0,4.5,1.1,BOG,40,193,1564.4,2.5
1AOZ,1AOZ,A,552,548,0.7874,8.1,1.4,343.5,25.9,79,374,95,0.14,0.68,24.7,6.5,0.9,C2O,6,322,343.5,1.9
1AZV,1AZV,A,153,149,0.7763,3.5,0.7,66.6,8.7,23,92,34,0.15,0.62,1.8,5.0,0.8,NONE,0,146,66.6,1.9
1AUO,1AUO,A,218,214,0.7736,24.6,2.2,291.0,47.0,91,100,23,0.43,0.47,51.9,5.2,0.6,NONE,0,121,291.0,1.8
1B0Y,1B0Y,A,85,81,0.8715,6.3,0.7,164.9,22.9,24,38,19,0.3,0.47,17.5,2.0,0.6,SF4,8,29,164.9,0.93
1AYE,1AYE,A,309,305,0.8396,44.8,1.6,2023.8,142.3,137,117,51,0.45,0.38,94.7,5.7,0.7,NONE,0,82,2023.8,1.8
1ATU,1ATU,A,374,370,0.7314,3.2,1.0,162.0,10.6,88,178,104,0.24,0.48,8.0,2.0,1.3,NONE,0,29,162.0,2.7
1B2S,1B2S,A,110,106,0.876,20.8,0.8,569.2,66.9,27,53,26,0.25,0.5,65.9,7.7,0.5,NONE,0,29,569.2,1.82
1B27,1B27,A,110,106,0.8872,19.7,0.7,419.6,64.0,27,53,26,0.25,0.5,67.3,4.8,0.6,NONE,0,15,419.6,2.08
1B3S,1B3S,A,110,106,0.916,31.4,0.7,1083.0,129.4,28,51,27,0.26,0.48,106.0,6.8,0.4,NONE,0,13,1083.0,2.391
1B2X,1B2X,A,109,105,0.8674,17.2,0.6,316.5,49.7,30,51,24,0.29,0.49,45.3,8.4,0.6,NONE,0,29,316.5,1.8
1B3A,1B3A,A,67,63,0.8671,24.4,1.2,443.4,69.5,21,37,5,0.33,0.59,42.1,17.6,0.6,AOP,20,27,443.4,1.6
1ASZ,1ASZ,A,490,486,0.8115,10.5,1.5,541.9,37.1,174,215,97,0.36,0.44,23.7,4.1,1.2,PSU,120,306,541.9,3.0
1BAB,1BAB,A,142,138,0.7166,121.7,37.0,1613.0,220.8,112,14,12,0.81,0.1,149.6,0.9,2.1,ACE,6,66,1613.0,1.5
1AYL,1AYL,A,532,528,0.8542,26.8,1.5,998.0,78.8,209,241,78,0.4,0.46,61.6,4.9,1.4,ATP,34,106,998.0,1.8
1BAM,1BAM,A,200,196,0.8204,54.0,3.3,1890.4,160.9,91,79,26,0.46,0.4,107.9,9.3,1.0,NONE,0,61,1890.4,1.95
1BBH,1BBH,A,131,127,0.7325,97.8,28.5,1400.9,182.4,94,19,14,0.74,0.15,131.4,2.3,2.0,HEC,86,16,1400.9,1.8
1BAN,1BAN,A,108,104,0.9042,17.1,0.7,1063.6,104.3,30,49,25,0.29,0.47,52.5,3.9,0.6,NONE,0,10,1063.6,2.2
1BBB,1BBB,A,141,137,0.7232,142.3,57.5,2180.1,292.0,111,13,13,0.81,0.09,175.4,0.8,1.0,CMO,8,133,2180.1,1.7
1BEO,1BEO,A,98,94,0.7459,43.8,9.2,387.2,80.3,63,23,8,0.67,0.24,63.3,5.3,1.2,NONE,0,62,387.2,2.2
1BGC,1BGC,A,158,154,0.7425,116.4,34.5,3056.0,290.9,119,19,16,0.77,0.12,150.3,1.6,1.0,NONE,0,107,3056.0,1.7
1BDM,1BDM,A,318,310,0.8178,38.6,3.8,1253.2,108.9,145,112,53,0.47,0.36,78.9,4.0,1.3,NAX,90,56,1253.2,1.8
1B41,1B41,A,531,527,0.8481,24.3,1.6,1013.1,77.1,220,205,102,0.42,0.39,53.3,4.7,0.8,FUC,10,403,1013.1,2.8
1BGQ,1BGQ,A,214,210,0.818,33.7,3.9,549.8,81.9,94,84,32,0.45,0.4,67.5,7.2,4.1,RDC,25,33,549.8,2.5
1BBP,1BBP,A,173,169,0.7347,7.5,1.3,81.8,13.7,32,110,27,0.19,0.65,15.9,6.7,0.4,BLV,172,146,81.8,2.0
1BGE,1BGE,A,159,155,0.7245,134.3,59.1,2590.7,275.2,119,19,17,0.77,0.12,174.4,2.7,1.0,NONE,0,145,2590.7,2.2
1BG2,1BG2,A,323,319,0.8736,46.5,2.1,1346.5,151.0,118,148,53,0.37,0.46,116.2,7.0,1.4,ADP,27,260,1346.5,1.8
1BJ7,1BJ7,A,150,146,0.8846,27.8,1.5,1709.0,145.2,32,89,25,0.22,0.61,90.9,12.6,0.9,NONE,0,130,1709.0,1.8
1BM7,1BM7,A,114,110,0.7749,13.8,1.6,141.9,27.9,21,75,14,0.19,0.68,17.0,15.5,0.4,FLF,40,15,141.9,2.0
1BHM,1BHM,A,198,194,0.8016,24.9,3.1,369.7,57.5,83,83,28,0.43,0.43,50.3,7.5,1.4,NONE,0,125,369.7,2.2
1AON,1AON,A,524,520,0.8382,22.4,3.2,2776.8,132.1,277,164,79,0.53,0.32,39.6,3.4,1.4,ADP,189,13,2776.8,3.0
1BL8,1BL8,A,97,93,0.7269,13.2,4.5,206.9,30.0,67,9,17,0.72,0.1,17.8,0.8,1.7,K,3,71,206.9,3.2
1BKR,1BKR,A,108,104,0.813,163.2,4.0,1968.3,350.9,70,22,12,0.67,0.21,242.0,1.1,0.3,NONE,0,94,1968.3,1.1
1AXJ,1AXJ,A,122,118,0.7847,9.3,1.7,141.5,21.5,31,71,16,0.26,0.6,26.2,3.7,1.1,FMN,50,57,141.5,
1BMZ,1BMZ,A,114,110,0.8094,16.1,1.4,363.8,43.7,20,75,15,0.18,0.68,25.0,16.9,0.4,NONE,0,15,363.8,2.0
1BIF,1BIF,A,432,428,0.7984,44.5,3.2,1075.9,102.7,207,164,57,0.48,0.38,85.5,8.1,0.8,AGS,31,190,1075.9,2.0
1BN1,1BN1,A,257,253,0.7843,6.9,1.1,201.5,19.5,56,154,43,0.22,0.61,16.6,5.1,0.9,AL5,21,225,201.5,2.1
1BMD,1BMD,A,327,323,0.8368,51.3,4.1,1794.8,167.4,154,119,50,0.48,0.37,103.5,4.6,1.5,NAD,88,225,1794.8,1.9
1BM0,1BM0,A,578,574,0.7033,25.0,9.1,633.0,48.0,435,82,57,0.76,0.14,32.3,1.6,2.6,NONE,0,453,633.0,2.37
1BPH,1BPH,A,21,17,0.6903,24.9,4.7,100.2,35.8,12,4,1,0.71,0.24,34.7,1.7,0.4,DCE,4,3,100.2,2.0
1BP2,1BP2,A,123,119,0.8458,74.4,1.7,1624.3,226.7,67,34,18,0.56,0.29,130.6,2.8,0.5,NONE,0,48,1624.3,1.7
1BN3,1BN3,A,257,253,0.7664,6.7,1.0,133.6,14.9,53,154,46,0.21,0.61,16.2,4.9,1.7,AL6,23,17,133.6,2.2
1BRF,1BRF,A,53,49,0.7965,2.3,0.3,32.7,6.0,16,24,9,0.33,0.49,1.3,3.7,0.2,NONE,0,3,32.7,0.95
1BNN,1BNN,A,257,253,0.8,6.9,1.0,217.2,19.6,59,152,42,0.23,0.6,15.7,5.1,1.0,AL1,23,17,217.2,2.3
1BAK,1BAK,A,119,115,0.729,4.5,1.2,46.6,8.7,28,62,25,0.24,0.54,13.1,2.3,0.6,NONE,0,642,46.6,
1BPI,1BPI,A,58,54,0.8388,8.5,0.9,129.8,23.1,18,28,8,0.33,0.52,17.0,5.3,0.2,NONE,0,50,129.8,1.09
1BQC,1BQC,A,302,298,0.8682,42.9,1.5,1600.6,136.8,129,112,57,0.43,0.38,95.8,3.4,0.8,NONE,0,41,1600.6,1.5
1BNR,1BNR,A,110,106,0.8918,10.3,0.7,518.1,51.5,24,50,32,0.23,0.47,39.2,2.5,0.8,NONE,0,31,518.1,
1BRE,1BRE,A,107,103,0.7726,6.4,1.2,70.1,13.2,9,77,17,0.09,0.75,0.6,8.2,1.2,NONE,0,35,70.1,1.76
1BRJ,1BRJ,A,108,104,0.8725,16.5,0.8,470.4,55.0,28,50,26,0.27,0.48,50.2,5.9,0.5,NONE,0,13,470.4,2.0
1BRS,1BRS,A,108,104,0.8798,23.1,0.9,710.1,80.0,27,50,27,0.26,0.48,71.5,9.2,0.5,NONE,0,11,710.1,2.0
1BRP,1BRP,A,175,171,0.8072,6.3,1.1,193.4,19.3,35,106,30,0.2,0.62,20.2,3.3,0.8,RTL,21,155,193.4,2.5
1BRI,1BRI,A,108,104,0.8463,13.8,0.8,217.5,35.6,29,51,24,0.28,0.49,33.2,9.1,0.5,NONE,0,29,217.5,1.9
1BPD,1BPD,A,324,320,0.7432,15.5,2.8,227.8,30.2,182,98,40,0.57,0.31,25.8,2.2,1.2,NONE,0,101,227.8,3.6
1BTE,1BTE,A,92,88,0.7818,4.8,0.9,118.2,13.8,16,58,14,0.18,0.66,2.7,6.2,1.1,NAG,56,30,118.2,1.5
1BWH,1BWH,A,129,125,0.8626,35.7,1.0,530.5,91.3,57,35,33,0.46,0.28,76.6,1.6,1.4,NONE,0,29,530.5,1.7
1BWJ,1BWJ,A,129,125,0.8904,52.1,1.0,1832.2,192.6,57,35,33,0.46,0.28,112.5,1.4,1.4,NONE,0,28,1832.2,1.7
1BVV,1BVV,A,185,181,0.7258,5.9,1.9,112.6,13.4,20,138,23,0.11,0.76,18.5,4.9,0.6,DFX,9,151,112.6,1.8
1BXW,1BXW,A,172,168,0.7076,8.8,3.3,135.0,16.5,16,132,20,0.1,0.79,0.9,11.0,0.4,C8E,21,40,135.0,2.5
1BZE,1BZE,A,127,123,0.7783,11.3,1.2,144.1,23.5,22,83,18,0.18,0.67,10.4,13.9,0.3,NONE,0,15,144.1,1.7
1BTL,1BTL,A,263,259,0.8232,52.0,2.4,1477.4,138.2,126,86,47,0.49,0.33,103.1,5.1,0.7,NONE,0,36,1477.4,1.8
1CAG,1CAG,A,19,15,0.2107,1.9,1.8,2.9,0.7,0,8,7,0.0,0.53,,1.9,1.9,HYP,240,22,2.9,1.85
1BMF,1BMF,A,487,483,0.8094,18.1,2.6,763.6,53.4,224,177,82,0.46,0.37,35.4,4.2,0.9,ANP,124,276,763.6,2.85
1BZP,1BZP,A,153,149,0.7367,174.7,50.1,2965.4,359.0,125,13,11,0.84,0.09,208.0,0.6,1.6,HEM,43,109,2965.4,1.15
1BZR,1BZR,A,153,149,0.7554,172.0,54.6,2428.2,361.6,125,13,11,0.84,0.09,204.8,0.5,1.6,CMO,2,30,2428.2,1.15
1CAA,1CAA,A,53,49,0.7718,2.0,0.4,30.5,4.8,17,24,8,0.35,0.49,1.5,2.9,0.2,NONE,0,3,30.5,1.8
1BYQ,1BYQ,A,213,209,0.8834,75.8,3.1,3366.3,288.1,82,84,43,0.39,0.4,180.0,11.3,3.1,ADP,27,29,3366.3,1.5
1CBN,1CBN,A,46,42,0.8202,45.5,1.2,572.0,104.7,23,14,5,0.55,0.33,80.6,3.9,0.2,EOH,3,10,572.0,0.83
1C5G,1C5G,A,379,375,0.8273,20.7,3.3,654.8,68.6,134,191,50,0.36,0.51,44.9,8.7,1.5,NONE,0,45,654.8,2.6
1C3W,1C3W,A,222,218,0.6501,60.6,24.4,572.7,87.9,171,28,19,0.78,0.13,76.6,2.5,2.1,LI1,283,167,572.7,1.55
1CAI,1CAI,A,258,254,0.7674,6.7,1.1,121.2,14.1,55,153,46,0.22,0.6,15.4,5.3,0.9,NONE,0,17,121.2,1.8
1CAM,1CAM,A,258,254,0.7569,6.6,1.0,103.7,13.2,54,153,47,0.21,0.6,15.9,5.2,0.7,BCT,4,225,103.7,1.7
1CDL,1CDL,A,142,138,0.7373,30.0,5.2,307.1,51.4,90,28,20,0.65,0.2,45.3,1.7,0.5,NONE,0,83,307.1,2.0
1BXO,1BXO,A,323,319,0.8409,9.8,1.2,532.5,40.5,60,207,52,0.19,0.65,23.5,8.1,0.5,PP7,74,227,532.5,0.95
1CFB,1CFB,A,205,201,0.7553,6.7,1.2,152.9,15.2,19,152,30,0.09,0.76,0.7,8.6,0.8,NAG,42,699,152.9,2.0
1CDK,1CDK,A,342,338,0.7943,20.8,1.5,354.1,45.9,161,132,45,0.48,0.39,39.6,4.7,0.5,ANP,62,27,354.1,2.0
1CAH,1CAH,A,258,254,0.785,7.0,0.9,260.9,19.8,57,153,44,0.22,0.6,16.8,5.1,0.8,BCT,4,17,260.9,1.88
1CEX,1CEX,A,197,193,0.8591,60.8,2.3,1420.0,180.7,96,64,33,0.5,0.33,117.1,7.0,1.4,NONE,0,128,1420.0,1.0
1BVU,1BVU,A,416,412,0.821,22.6,2.4,2666.4,134.6,214,139,59,0.52,0.34,40.1,4.6,1.6,NONE,0,94,2666.4,2.5
1CFD,1CFD,A,148,144,0.691,19.3,5.9,234.4,31.9,92,27,25,0.64,0.19,29.3,2.4,1.1,NONE,0,68,234.4,
1BR1,1BR1,A,787,783,0.7662,8.2,2.1,343.0,23.8,366,260,157,0.47,0.33,14.3,3.5,1.7,ADP,108,798,343.0,3.5
1CHN,1CHN,A,126,122,0.7895,48.5,4.5,614.0,101.8,63,47,12,0.52,0.39,89.2,6.0,0.8,NONE,0,42,614.0,1.76
1CIQ,1CIQ,A,37,33,0.7723,22.2,1.4,166.5,42.3,13,15,5,0.39,0.45,51.2,3.8,2.1,NONE,0,14,166.5,2.2
1CGP,1CGP,A,197,193,0.8247,26.0,3.3,1003.8,87.1,86,87,20,0.45,0.45,53.5,4.7,0.8,CMP,50,188,1003.8,3.0
1CHD,1CHD,A,198,194,0.8407,45.1,1.9,965.2,113.9,72,94,28,0.37,0.48,100.7,15.8,0.5,NONE,0,290,965.2,1.75
1CIF,1CIF,A,107,103,0.8699,26.2,0.8,497.8,77.2,47,40,16,0.46,0.39,55.3,2.1,0.8,HEC,43,5,497.8,1.9
1CHG,1CHG,A,230,220,0.8037,5.1,0.8,265.4,20.3,42,130,48,0.19,0.59,10.5,4.8,1.0,NONE,0,241,265.4,2.5
1CIL,1CIL,A,256,252,0.7619,6.9,1.0,94.0,13.7,58,151,43,0.23,0.6,14.0,5.8,1.1,ETS,19,46,94.0,1.6
1CDG,1CDG,A,686,682,0.8793,19.1,1.0,1026.1,73.0,187,358,137,0.27,0.52,58.9,5.4,0.7,GLC,69,57,1026.1,2.0
1CLL,1CLL,A,144,140,0.7807,67.2,14.5,1296.7,161.7,96,24,20,0.69,0.17,97.5,1.7,0.4,EOH,3,49,1296.7,1.7
1CMB,1CMB,A,104,100,0.8089,40.2,1.6,850.0,104.7,46,40,14,0.46,0.4,82.0,5.9,0.3,NONE,0,60,850.0,1.8
1CEL,1CEL,A,433,429,0.8633,10.4,1.0,1283.6,64.7,107,240,82,0.25,0.56,28.6,5.3,1.2,IBZ,18,353,1283.6,1.8
1CKP,1CKP,A,279,275,0.8577,32.9,1.3,735.2,94.8,127,106,42,0.46,0.39,67.1,4.6,0.5,PVB,18,55,735.2,2.05
1CIR,1CIR,A,39,35,0.638,2.5,0.7,14.7,3.4,9,14,12,0.26,0.4,5.8,1.4,1.5,NONE,0,7,14.7,
1CLE,1CLE,A,534,530,0.8783,40.3,1.4,1839.6,135.9,223,211,96,0.42,0.4,90.7,4.8,1.5,CLL,94,276,1839.6,2.0
1CPQ,1CPQ,A,129,125,0.6945,123.5,55.3,1278.7,199.1,97,17,11,0.78,0.14,158.9,0.6,1.2,HEM,47,113,1278.7,1.7
1CIS,1CIS,A,66,62,0.8154,11.9,1.0,123.0,26.1,17,31,14,0.27,0.5,35.8,1.9,4.9,NONE,0,36,123.0,
1CRG,1CRG,A,107,103,0.8018,18.5,1.1,192.2,37.4,47,40,16,0.46,0.39,37.3,3.3,1.0,HEC,43,91,192.2,2.0
1CRH,1CRH,A,107,103,0.7843,17.6,1.1,168.3,33.6,48,40,15,0.47,0.39,33.6,4.5,1.0,HEC,43,90,168.3,1.9
1CLC,1CLC,A,541,537,0.8525,53.3,1.6,1466.7,141.1,242,209,86,0.45,0.39,115.1,3.3,0.9,NONE,0,484,1466.7,1.9
1COH,1COH,A,141,137,0.6936,78.5,23.1,627.8,118.5,109,13,15,0.8,0.09,98.3,0.8,2.1,COH,86,61,627.8,2.9
1CRN,1CRN,A,46,42,0.9112,113.4,1.7,2846.4,447.2,23,14,5,0.55,0.33,205.2,3.2,0.1,NONE,0,10,2846.4,1.5
1CRC,1CRC,A,104,100,0.7413,8.5,1.6,82.4,15.5,51,35,14,0.51,0.35,15.2,1.7,1.1,HEC,86,66,82.4,2.08
1CJY,1CJY,A,633,629,0.8587,25.7,1.8,3151.4,137.9,276,253,100,0.44,0.4,53.4,5.1,1.5,NONE,0,298,3151.4,2.5
1CPE,1CPE,A,291,287,0.8191,42.3,2.5,893.0,102.6,152,88,47,0.53,0.31,75.3,5.2,5.3,K,1,260,893.0,2.2
1CSK,1CSK,A,58,54,0.6591,2.0,0.6,15.8,3.0,9,38,7,0.17,0.7,2.1,2.3,0.5,NONE,0,63,15.8,2.5
1CTI,1CTI,A,29,25,0.5096,1.3,0.8,4.8,1.2,4,15,6,0.16,0.6,0.2,1.6,1.3,NONE,0,14,4.8,
1CRI,1CRI,A,107,103,0.8569,21.7,1.0,387.0,62.6,47,40,16,0.46,0.39,45.4,2.2,0.8,M3L,12,6,387.0,2.0
1CTF,1CTF,A,68,64,0.8315,172.5,3.8,2419.3,450.6,38,19,7,0.59,0.3,287.6,5.7,0.8,NONE,0,105,2419.3,1.7
1CTJ,1CTJ,A,89,85,0.8021,44.1,1.3,591.6,94.4,49,19,17,0.58,0.22,75.8,1.0,1.0,HEM,43,9,591.6,1.1
1CV6,1CV6,A,162,158,0.7647,81.7,10.8,1600.8,177.1,113,31,14,0.72,0.2,113.9,1.0,0.2,HED,8,103,1600.8,1.81
1CLB,1CLB,A,75,71,0.7677,74.5,3.1,542.7,131.4,43,15,13,0.61,0.21,122.4,1.5,0.5,NONE,0,48,542.7,
1CYO,1CYO,A,88,84,0.9243,76.1,1.5,2782.5,342.1,41,28,15,0.49,0.33,152.5,4.3,1.4,HEM,43,72,2782.5,1.5
1CWA,1CWA,A,165,161,0.9032,15.9,0.6,513.9,62.2,42,81,38,0.26,0.5,54.0,3.4,0.5,MLE,36,140,513.9,2.1
1CQE,1CQE,A,552,548,0.818,24.8,1.7,593.5,62.1,290,176,82,0.53,0.32,44.5,3.3,1.5,FLP,36,380,593.5,3.1
1CUS,1CUS,A,197,193,0.8186,44.7,2.3,946.9,107.2,95,65,33,0.49,0.34,85.1,7.7,1.5,NONE,0,204,946.9,1.25
1CVO,1CVO,A,62,58,0.732,2.2,0.6,29.0,4.5,5,33,20,0.09,0.57,0.2,3.5,0.5,NONE,0,53,29.0,
1CUN,1CUN,A,213,209,0.7016,302.3,128.3,6737.6,686.4,184,9,16,0.88,0.04,343.3,0.7,1.2,NONE,0,213,6737.6,1.95
1CYC,1CYC,A,103,99,0.7203,3.9,0.8,29.6,6.3,34,26,39,0.34,0.26,9.9,0.6,0.8,HEC,86,10,29.6,2.3
1CTS,1CTS,A,437,433,0.7643,16.8,4.3,642.6,44.1,272,84,77,0.63,0.19,25.7,2.0,1.4,NONE,0,126,642.6,2.7
1D5S,1D5S,A,334,330,0.7788,14.3,2.5,455.7,38.4,131,153,46,0.4,0.46,26.1,8.2,1.0,NONE,0,303,455.7,3.0
1DB1,1DB1,A,250,246,0.7972,153.5,13.2,5595.8,442.9,174,47,25,0.71,0.19,215.3,5.7,1.2,VDX,30,390,5595.8,1.8
1DIG,1DIG,A,285,281,0.7989,63.6,3.6,1245.4,139.9,143,106,32,0.51,0.38,110.3,19.5,0.9,NAP,96,24,1245.4,2.2
1DIL,1DIL,A,381,377,0.8023,7.0,1.0,127.9,18.1,60,244,73,0.16,0.65,13.6,7.3,0.7,EQP,21,167,127.9,1.9
1DM2,1DM2,A,274,270,0.8711,31.9,1.1,1169.0,103.3,118,109,43,0.44,0.4,69.1,3.7,1.5,HMD,19,114,1169.0,2.1
1DDT,1DDT,A,523,519,0.8131,20.1,2.2,460.7,51.1,213,228,78,0.41,0.44,42.5,5.7,1.1,APU,43,279,460.7,2.0
1DAB,1DAB,A,539,535,0.8568,8.6,0.7,830.0,40.6,52,370,113,0.1,0.69,0.5,12.2,0.7,NONE,0,504,830.0,2.5
1DIR,1DIR,A,236,232,0.7508,15.4,2.5,330.6,34.6,104,96,32,0.45,0.41,28.8,5.7,0.7,NAD,208,204,330.6,2.6
1DOR,1DOR,A,311,307,0.8694,63.7,1.6,3177.0,245.7,127,126,54,0.41,0.41,148.7,5.0,0.8,FMN,62,260,3177.0,2.0
1DL2,1DL2,A,510,506,0.8546,76.3,3.2,2155.7,222.4,281,146,79,0.56,0.29,135.6,2.9,1.2,BMA,22,92,2155.7,1.54
1DPM,1DPM,A,329,325,0.8213,39.4,2.2,902.0,93.5,168,97,60,0.52,0.3,73.9,2.8,1.9,EBP,64,114,902.0,2.1
1DRF,1DRF,A,186,182,0.8144,13.8,1.1,262.7,33.8,52,104,26,0.29,0.57,31.5,8.3,0.6,FOL,32,96,262.7,2.0
1CRP,1CRP,A,166,162,0.7806,8.9,1.6,131.1,20.0,60,62,40,0.37,0.38,20.3,3.1,0.9,GDP,40,163,131.1,
1DVS,1DVS,A,115,111,0.858,18.5,1.6,947.4,91.5,20,76,15,0.18,0.68,14.1,23.2,0.4,STL,17,15,947.4,1.9
1DRE,1DRE,A,159,155,0.7638,6.9,1.4,109.8,16.1,44,89,22,0.28,0.57,16.3,3.8,0.4,NAP,48,92,109.8,2.6
1DPE,1DPE,A,507,503,0.8738,33.4,1.4,1260.0,110.7,207,216,80,0.41,0.43,75.4,5.2,1.1,NONE,0,466,1260.0,2.0
1E1X,1E1X,A,290,286,0.8455,33.2,1.2,796.1,88.3,132,114,40,0.46,0.4,66.4,6.3,0.6,NW1,18,262,796.1,1.85
1DOT,1DOT,A,686,682,0.8414,10.7,1.0,1519.5,61.6,274,268,140,0.4,0.39,22.8,3.2,1.3,FUC,10,470,1519.5,2.35
1DVN,1DVN,A,379,375,0.9369,72.6,3.0,19053.5,982.9,145,191,39,0.39,0.51,179.2,6.1,1.9,NONE,0,81,19053.5,2.1
1DUB,1DUB,A,260,256,0.8039,26.5,2.4,476.4,63.6,138,80,38,0.54,0.31,46.4,4.5,1.0,CAA,270,145,476.4,2.5
1DPS,1DPS,A,159,155,0.7396,137.6,55.6,5194.2,435.6,116,23,16,0.75,0.15,183.0,2.9,1.8,NONE,0,120,5194.2,1.6
1E2X,1E2X,A,222,218,0.7365,114.5,25.3,2402.6,235.5,171,31,16,0.78,0.14,144.9,5.2,2.0,NONE,0,86,2402.6,2.0
1EBZ,1EBZ,A,99,95,0.729,6.3,2.0,174.5,18.8,10,71,14,0.11,0.75,20.9,5.3,0.5,BEC,46,91,174.5,2.01
1E1V,1E1V,A,290,286,0.8523,31.2,1.2,1128.4,102.1,128,113,45,0.45,0.4,64.2,6.0,0.6,CMG,18,106,1128.4,1.95
1E5Z,1E5Z,A,128,124,0.9485,52.9,1.2,4704.0,422.5,30,72,22,0.24,0.58,198.2,8.5,0.4,NO3,4,58,4704.0,2.0
1EDN,1EDN,A,21,17,0.5074,0.6,0.6,2.1,0.6,4,5,8,0.24,0.29,0.7,0.9,0.4,NONE,0,3,2.1,2.18
1ECA,1ECA,A,136,132,0.7645,88.0,17.1,1288.2,190.1,108,13,11,0.82,0.1,107.4,0.6,1.2,HEM,43,120,1288.2,1.4
1ECM,1ECM,A,91,87,0.6815,124.3,58.0,2705.7,307.1,77,6,4,0.89,0.07,140.3,0.5,1.2,TSA,52,64,2705.7,2.2
1EC0,1EC0,A,99,95,0.7185,6.2,1.8,97.6,15.0,10,70,15,0.11,0.74,13.1,6.4,0.6,BED,50,47,97.6,1.79
1E9H,1E9H,A,295,291,0.8754,23.2,1.1,1225.9,93.5,126,115,50,0.43,0.4,49.5,4.3,0.7,INR,48,107,1225.9,2.5
1EBG,1EBG,A,436,432,0.8098,36.5,1.8,779.5,84.4,213,143,76,0.49,0.33,70.4,5.1,0.6,PAH,18,192,779.5,2.1
1ENH,1ENH,A,54,50,0.6666,118.8,40.7,536.4,159.5,37,11,2,0.74,0.22,159.3,4.0,0.3,NONE,0,49,536.4,2.1
1EBH,1EBH,A,436,432,0.8886,86.6,2.1,11331.1,570.1,219,144,69,0.51,0.33,167.0,5.6,0.5,NONE,0,229,11331.1,1.9
1EGF,1EGF,A,53,49,0.6477,1.5,0.5,8.0,2.0,5,26,18,0.1,0.53,0.7,2.5,0.2,NONE,0,22,8.0,
1EA5,1EA5,A,532,528,0.8973,62.8,1.7,3643.4,259.6,225,218,85,0.43,0.41,142.6,4.6,0.7,NAG,28,355,3643.4,1.8
1EMA,1EMA,A,221,217,0.767,9.4,2.1,301.7,26.0,33,153,31,0.15,0.71,3.5,12.3,0.9,MSE,32,16,301.7,1.9
1E79,1E79,A,492,488,0.8483,31.5,2.0,1947.3,117.9,228,182,78,0.47,0.37,63.7,4.4,0.8,ADP,81,494,1947.3,2.4
1EMD,1EMD,A,312,308,0.8071,33.9,3.5,800.4,89.4,159,106,43,0.52,0.34,58.0,11.2,0.9,NAD,44,201,800.4,1.9
1ERT,1ERT,A,105,101,0.7762,36.8,6.0,608.5,82.7,48,41,12,0.48,0.41,62.6,17.1,0.9,NONE,0,44,608.5,1.7
1EMB,1EMB,A,225,221,0.7535,9.4,2.2,225.6,22.0,36,155,30,0.16,0.7,4.2,12.2,0.7,CRO,22,184,225.6,2.13
1ERU,1ERU,A,105,101,0.7401,34.4,8.3,443.7,64.6,48,41,12,0.48,0.41,48.8,27.5,0.7,NONE,0,24,443.7,2.1
1EKP,1EKP,A,365,361,0.9109,43.2,1.9,2769.9,212.1,113,193,55,0.31,0.53,130.3,4.2,0.6,PLP,30,101,2769.9,2.5
1EOK,1EOK,A,282,278,0.8485,37.0,1.6,776.8,98.8,123,110,45,0.44,0.4,79.8,3.9,0.9,NONE,0,223,776.8,1.8
1E1R,1E1R,A,487,483,0.8219,29.2,2.3,783.7,75.9,229,180,74,0.47,0.37,57.2,5.2,1.0,ANP,124,422,783.7,2.48
1ERY,1ERY,A,39,35,0.7488,52.4,12.4,404.0,94.0,25,5,5,0.71,0.14,71.8,4.8,2.8,NONE,0,31,404.0,
1ENX,1ENX,A,189,185,0.8447,12.3,1.6,460.7,45.6,17,133,35,0.09,0.72,78.8,6.9,0.8,PCA,16,159,460.7,1.5
1FAS,1FAS,A,61,57,0.6993,3.0,0.7,28.7,5.2,8,40,9,0.14,0.7,0.6,4.1,0.5,NONE,0,21,28.7,1.8
1F41,1F41,A,116,112,0.8475,20.1,1.6,490.7,65.9,19,77,16,0.17,0.69,27.7,22.3,0.3,NONE,0,15,490.7,1.5
1EST,1EST,A,229,225,0.7848,5.3,1.0,143.5,14.8,45,132,48,0.2,0.59,13.8,4.1,0.6,TSU,10,240,143.5,2.5
1F4N,1F4N,A,60,56,0.6357,229.4,103.1,2170.2,345.7,50,2,4,0.89,0.04,256.9,0.5,0.6,NONE,0,46,2170.2,1.9
1ERK,1ERK,A,357,353,0.8281,17.0,1.0,327.7,41.4,153,129,71,0.43,0.37,36.5,2.4,1.4,NONE,0,304,327.7,2.3
1ERE,1ERE,A,235,231,0.6954,57.0,24.7,848.7,98.3,176,32,23,0.76,0.14,74.4,1.9,0.9,EST,120,452,848.7,3.1
1EZX,1EZX,A,335,331,0.8168,26.0,3.0,1300.5,89.1,128,162,41,0.39,0.49,55.0,9.5,0.8,NONE,0,271,1300.5,2.6
1FDD,1FDD,A,106,102,0.8219,13.0,1.1,208.2,32.4,46,35,21,0.45,0.34,25.3,4.1,0.9,SF4,8,66,208.2,1.9
1EZM,1EZM,A,298,294,0.8372,51.7,1.2,656.2,117.5,136,102,56,0.46,0.35,107.5,5.1,1.1,NONE,0,80,656.2,1.5
1EYW,1EYW,A,329,325,0.8808,91.1,1.6,4147.1,343.5,170,97,58,0.52,0.3,172.3,2.3,1.7,KCX,12,85,4147.1,1.9
1EVE,1EVE,A,534,530,0.9832,322.5,1.7,145194.8,6305.7,232,217,81,0.44,0.41,732.8,3.8,0.8,E20,28,367,145194.8,2.5
1FAX,1FAX,A,228,224,0.8204,6.4,0.8,162.5,18.6,42,136,46,0.19,0.61,17.1,5.0,0.6,DX9,39,242,162.5,3.0
1FHA,1FHA,A,172,168,0.74,118.9,43.7,1792.0,244.3,130,22,16,0.77,0.13,153.1,1.8,3.0,NONE,0,108,1792.0,2.4
1FDH,1FDH,A,141,137,0.6918,42.3,18.6,632.3,75.9,108,14,15,0.79,0.1,53.3,0.8,1.3,ACE,6,64,632.3,2.5
1FKB,1FKB,A,107,103,0.7778,8.2,0.8,136.8,18.2,19,63,21,0.18,0.61,10.1,10.3,0.3,RAP,68,74,136.8,1.7
1FFA,1FFA,A,197,193,0.8883,94.7,2.1,2965.9,332.6,97,65,31,0.5,0.34,183.1,7.4,1.1,NONE,0,127,2965.9,1.69
1FIP,1FIP,A,73,69,0.7187,80.1,31.8,978.5,154.1,52,8,9,0.75,0.12,105.9,0.7,1.5,NONE,0,76,978.5,1.9
1FKG,1FKG,A,107,103,0.803,7.4,0.7,145.2,18.3,21,61,21,0.2,0.59,8.1,9.7,0.3,SB3,33,74,145.2,2.0
1FLP,1FLP,A,142,138,0.6999,80.6,27.8,730.7,131.9,112,10,16,0.81,0.07,99.0,0.5,1.8,HEM,43,133,730.7,1.5
1F13,1F13,A,722,718,0.8521,15.6,1.2,1218.9,62.7,159,440,119,0.22,0.61,48.8,7.4,1.2,NONE,0,301,1218.9,2.1
1FNA,1FNA,A,91,87,0.7645,7.9,1.3,114.6,18.2,6,69,12,0.07,0.79,0.5,9.9,0.4,NONE,0,72,114.6,1.8
1FLV,1FLV,A,168,164,0.7813,25.1,2.1,430.7,52.9,70,65,29,0.43,0.4,45.3,14.0,1.2,FMN,31,6,430.7,2.0
1FCB,1FCB,A,494,490,0.8436,20.9,1.3,1981.9,100.4,211,169,110,0.43,0.34,45.1,3.7,1.1,FMN,62,419,1981.9,2.4
1FRD,1FRD,A,98,94,0.9098,30.8,0.9,602.3,107.4,23,47,24,0.24,0.5,116.1,4.6,0.4,FES,4,30,602.3,1.7
1FIE,1FIE,A,705,701,0.7689,7.6,1.3,269.0,18.5,156,429,116,0.22,0.61,16.0,6.4,1.0,NONE,0,303,269.0,2.5
1FWP,1FWP,A,69,65,0.622,4.1,1.3,39.8,6.0,20,29,16,0.31,0.45,7.2,3.0,2.3,NONE,0,15,39.8,
1FIN,1FIN,A,298,294,0.8713,29.4,1.3,811.9,92.6,129,119,46,0.44,0.4,63.8,3.3,0.6,ATP,62,111,811.9,2.3
1FKN,1FKN,A,385,381,0.8676,12.8,1.2,447.7,45.5,79,238,64,0.21,0.62,45.7,5.0,1.0,1OL,26,244,447.7,1.9
1FNF,1FNF,A,368,364,0.7209,5.8,1.6,96.2,11.2,24,295,45,0.07,0.81,0.4,7.1,0.3,NONE,0,1501,96.2,2.0
1FLG,1FLG,A,582,578,0.8054,5.1,0.8,337.0,18.2,99,350,129,0.17,0.61,5.3,6.7,0.7,PQQ,48,493,337.0,2.52
1G1J,1G1J,A,42,38,0.6784,296.2,146.3,4176.7,666.4,34,1,3,0.89,0.03,330.9,0.7,1.1,MSE,16,106,4176.7,1.86
1FTK,1FTK,A,250,246,0.8524,45.0,1.5,1501.5,132.9,107,102,37,0.43,0.41,100.0,3.2,1.4,KAI,15,265,1501.5,1.6
1G0H,1G0H,A,252,248,0.7557,7.4,1.3,95.7,15.2,92,112,44,0.37,0.45,12.7,5.7,0.8,IPD,32,111,95.7,2.3
1FVV,1FVV,A,298,294,0.8326,21.3,1.2,645.9,59.4,126,120,48,0.43,0.41,45.2,4.6,0.6,107,62,89,645.9,2.8
1G1O,1G1O,A,115,111,0.7556,9.1,2.3,112.2,18.1,15,75,21,0.14,0.68,23.0,8.6,0.6,NONE,0,76,112.2,2.3
1FMV,1FMV,A,743,739,0.8403,37.9,2.4,2309.1,126.0,381,267,91,0.52,0.36,70.9,3.6,0.8,NONE,0,105,2309.1,2.1
1G0P,1G0P,A,164,160,0.7753,76.3,5.6,1792.7,177.7,111,32,17,0.69,0.2,109.7,0.9,0.4,HED,8,120,1792.7,1.68
1G2K,1G2K,A,99,95,0.6486,4.5,1.7,50.0,7.3,11,71,13,0.12,0.75,9.0,4.6,0.5,NM1,45,91,50.0,1.95
1G0I,1G0I,A,252,248,0.9243,23.6,1.1,2801.2,184.8,90,108,50,0.36,0.44,59.4,4.1,1.2,INS,24,13,2801.2,2.4
1GCN,1GCN,A,29,25,0.4816,6.1,6.1,25.4,5.7,15,1,9,0.6,0.04,8.1,0.1,3.6,NONE,0,20,25.4,3.0
1FTJ,1FTJ,A,258,254,0.8683,41.8,1.4,1100.1,120.7,111,107,36,0.44,0.42,91.0,4.1,2.0,GLU,30,126,1100.1,1.9
1G96,1G96,A,111,107,0.7762,15.5,2.1,197.4,33.2,28,66,13,0.26,0.62,27.8,13.2,0.8,NONE,0,94,197.4,2.5
1G5M,1G5M,A,164,160,0.6976,19.6,7.4,293.3,35.8,112,18,30,0.7,0.11,27.8,0.6,0.6,NONE,0,15,293.3,
1G1D,1G1D,A,258,254,0.7575,6.1,0.9,75.5,12.5,60,153,41,0.24,0.6,14.1,4.5,0.6,FSB,21,225,75.5,2.04
1GBU,1GBU,A,141,137,0.7161,96.5,29.3,916.0,157.2,112,12,13,0.82,0.09,117.8,0.7,2.0,HEM,172,39,916.0,1.8
1G48,1G48,A,258,254,0.8079,8.1,1.0,220.0,23.0,56,154,44,0.22,0.61,23.5,4.6,1.0,F6B,22,221,220.0,1.86
1GEN,1GEN,A,200,196,0.7998,8.3,0.7,142.0,18.7,36,125,35,0.18,0.64,6.8,11.0,0.3,NONE,0,542,142.0,2.0
1GCI,1GCI,A,269,265,0.8675,42.2,1.1,819.5,113.1,100,113,52,0.38,0.43,107.2,3.7,0.7,NONE,0,111,819.5,0.78
1GKB,1GKB,A,237,233,0.752,7.5,1.5,119.1,15.3,30,172,31,0.13,0.74,1.7,9.9,0.4,NONE,0,193,119.1,1.564
1GCA,1GCA,A,309,305,0.8567,82.4,3.9,3129.2,260.9,150,108,47,0.49,0.35,162.0,6.7,2.3,GAL,24,48,3129.2,1.7
1GKY,1GKY,A,186,182,0.847,81.2,5.4,2816.3,278.0,92,68,22,0.51,0.37,155.7,6.1,1.8,5GP,24,177,2816.3,2.0
1GHR,1GHR,A,306,302,0.8111,28.6,1.6,344.2,61.6,136,111,55,0.45,0.37,60.1,3.9,0.8,NONE,0,157,344.2,2.2
1GPR,1GPR,A,158,154,0.7422,2.9,0.7,53.2,6.0,26,93,35,0.17,0.6,3.3,3.6,0.6,NONE,0,97,53.2,1.9
1GS9,1GS9,A,144,140,0.7077,191.6,82.3,2174.5,353.6,121,10,9,0.86,0.07,221.2,1.2,4.0,NONE,0,100,2174.5,1.7
1GLM,1GLM,A,470,466,0.8393,56.7,2.0,1501.6,156.7,251,142,73,0.54,0.3,103.8,1.9,0.9,MAN,209,64,1501.6,2.4
1GOT,1GOT,A,326,322,0.7988,38.8,3.1,671.7,85.2,168,96,58,0.52,0.3,70.2,6.3,1.7,MSE,96,168,671.7,2.0
1H4X,1H4X,A,110,106,0.785,52.6,2.6,648.9,108.5,53,37,16,0.5,0.35,102.6,3.6,0.4,SEP,20,105,648.9,1.16
1H00,1H00,A,278,274,0.9028,63.4,1.3,3163.8,277.5,125,111,38,0.46,0.41,128.9,11.3,0.5,FAP,30,107,3163.8,1.6
1GRB,1GRB,A,461,457,0.8659,40.6,1.6,2489.6,159.6,175,209,73,0.38,0.46,98.5,5.9,1.0,FAD,53,107,2489.6,1.85
1HBG,1HBG,A,147,143,0.7196,154.0,52.6,2184.3,294.6,118,12,13,0.83,0.08,186.4,1.3,0.7,CMO,2,132,2184.3,1.5
1GRA,1GRA,A,461,457,0.8567,40.4,1.6,2079.3,141.4,175,209,73,0.38,0.46,97.7,6.1,1.0,FAD,53,105,2079.3,2.0
1GTM,1GTM,A,417,413,0.7922,46.0,3.3,1377.2,106.7,221,137,55,0.54,0.33,82.8,4.8,1.0,NONE,0,223,1377.2,2.2
1GOS,1GOS,A,497,493,0.8153,11.1,1.4,474.8,36.5,206,195,92,0.42,0.4,21.9,4.5,0.9,FAD,106,151,474.8,3.0
1HCN,1HCN,A,85,81,0.7641,5.7,1.5,90.6,13.5,11,60,10,0.14,0.74,6.8,6.3,0.9,NAG,28,55,90.6,2.6
1H1S,1H1S,A,296,292,0.8597,29.2,1.1,1009.6,87.7,128,123,41,0.44,0.42,58.3,8.4,0.5,4SP,56,211,1009.6,2.0
1HBB,1HBB,A,141,137,0.7365,110.9,27.5,2241.8,238.5,111,13,13,0.81,0.09,136.6,0.8,1.6,HEM,172,8,2241.8,1.9
1GPE,1GPE,A,587,583,0.8916,56.1,1.1,2846.9,206.4,230,247,106,0.39,0.42,135.8,5.4,1.2,FAD,106,381,2846.9,1.8
1HEQ,1HEQ,A,129,125,0.8355,29.6,0.9,386.6,67.5,59,33,33,0.47,0.26,61.4,1.4,0.8,NONE,0,81,386.6,1.8
1HER,1HER,A,129,125,0.8735,32.3,0.8,879.4,100.2,59,33,33,0.47,0.26,67.2,1.4,0.8,NONE,0,11,879.4,1.8
1HEW,1HEW,A,129,125,0.8885,46.9,0.9,1346.8,159.3,58,35,32,0.46,0.28,99.3,1.8,1.1,NAG,43,29,1346.8,1.75
1HDR,1HDR,A,236,232,0.7829,29.8,3.6,513.4,63.1,103,93,36,0.44,0.4,61.1,6.2,0.9,NAD,44,157,513.4,2.5
1HEL,1HEL,A,129,125,0.8551,37.5,0.9,636.4,97.4,59,32,34,0.47,0.26,78.1,1.5,0.8,NONE,0,92,636.4,1.7
1HDC,1HDC,A,253,249,0.7825,14.9,2.6,409.8,38.0,124,85,40,0.5,0.34,27.3,3.5,0.8,CBO,164,72,409.8,2.2
1HFI,1HFI,A,62,58,0.7908,5.9,1.0,125.2,17.0,2,42,14,0.03,0.72,0.6,7.9,0.5,NONE,0,41,125.2,
1HCK,1HCK,A,294,290,0.8767,37.4,1.3,2470.2,164.4,124,118,48,0.43,0.41,83.1,4.5,0.7,ATP,31,114,2470.2,1.9
1GPB,1GPB,A,823,819,0.8189,32.1,3.0,1484.9,94.0,455,241,123,0.56,0.29,55.1,4.5,1.4,PLP,15,301,1484.9,1.9
1HF4,1HF4,A,129,125,0.867,42.3,0.8,905.2,116.3,54,35,36,0.43,0.28,96.3,1.3,1.0,NO3,32,28,905.2,1.45
1HHP,1HHP,A,99,95,0.6409,3.8,1.8,45.3,6.1,9,70,16,0.09,0.74,3.6,4.5,0.6,NONE,0,58,45.3,2.7
1H8E,1H8E,A,486,482,0.8745,46.6,2.3,6028.5,300.8,223,183,76,0.46,0.38,95.4,6.0,1.3,ADP,162,496,6028.5,2.0
1HHO,1HHO,A,141,137,0.7827,41.3,9.5,672.4,101.1,107,13,17,0.78,0.09,51.4,0.8,8.3,OXY,4,100,672.4,2.1
1HGB,1HGB,A,141,137,0.7543,70.5,26.9,2131.3,208.0,110,12,15,0.8,0.09,87.6,0.7,1.4,HEM,172,109,2131.3,2.1
1HKA,1HKA,A,158,154,0.8579,41.6,2.2,1004.0,118.7,59,77,18,0.38,0.5,100.1,6.3,0.7,NONE,0,23,1004.0,1.5
1HFA,1HFA,A,263,259,0.7719,63.5,12.2,840.1,131.6,176,47,36,0.68,0.18,92.6,1.4,2.4,PIO,24,46,840.1,2.0
1HGU,1HGU,A,187,179,0.7096,7.4,1.9,118.1,13.7,91,41,47,0.51,0.23,13.3,1.2,1.3,NONE,0,160,118.1,2.5
1HOE,1HOE,A,74,70,0.6474,4.8,1.4,26.3,6.4,9,51,10,0.13,0.73,0.8,6.4,0.3,NONE,0,22,26.3,2.0
1HEX,1HEX,A,345,341,0.774,29.7,3.3,413.0,61.1,173,118,50,0.51,0.35,54.0,6.2,0.9,NAD,44,171,413.0,2.5
1HNG,1HNG,A,175,171,0.7654,9.4,1.2,169.8,21.2,18,130,23,0.11,0.76,0.5,12.1,0.6,NONE,0,157,169.8,2.8
1HL4,1HL4,A,153,149,0.7951,4.0,0.7,126.0,11.9,23,90,36,0.15,0.6,7.6,4.4,0.7,ACE,3,133,126.0,1.8
1HRC,1HRC,A,104,100,0.8445,33.9,0.9,628.4,88.5,53,35,12,0.53,0.35,62.6,2.1,0.3,HEC,43,91,628.4,1.9
1HPS,1HPS,A,99,95,0.6702,4.7,1.6,60.2,9.2,11,67,17,0.12,0.71,5.7,5.6,0.6,RUN,94,76,60.2,2.3
1HPX,1HPX,A,99,95,0.6949,5.8,2.1,75.1,10.8,11,70,14,0.12,0.74,10.7,6.1,0.6,KNI,87,91,75.1,2.0
1HSG,1HSG,A,99,95,0.6747,5.1,1.5,71.0,9.3,11,69,15,0.12,0.73,10.7,5.2,0.6,MK1,45,91,71.0,2.0
1HP7,1HP7,A,376,372,0.8187,21.3,2.8,960.5,67.5,135,186,51,0.36,0.5,48.0,7.6,0.8,NONE,0,58,960.5,2.1
1HTV,1HTV,A,21,17,0.754,30.0,5.9,249.4,59.6,12,4,1,0.71,0.24,41.2,3.8,0.3,NONE,0,114,249.4,1.9
1HSH,1HSH,A,99,95,0.652,4.2,1.9,44.8,6.8,12,70,13,0.13,0.74,5.9,4.6,0.4,MK1,90,58,44.8,1.9
1GKP,1GKP,A,457,453,0.8769,49.3,1.4,3404.5,195.0,179,197,77,0.4,0.43,119.0,4.8,1.3,KCX,72,171,3404.5,1.3
1HSB,1HSB,A,270,266,0.8076,27.6,3.0,596.7,71.1,90,138,38,0.34,0.52,62.0,12.6,0.7,ARG,12,156,596.7,1.9
1HXB,1HXB,A,99,95,0.6311,5.0,2.0,42.7,7.3,11,72,12,0.12,0.76,8.2,5.3,0.4,ROC,49,91,42.7,2.3
1HVK,1HVK,A,99,95,0.676,5.8,2.0,93.0,11.5,10,72,13,0.11,0.76,15.0,5.5,0.4,A79,106,91,93.0,1.8
1HVJ,1HVJ,A,99,95,0.7354,6.5,2.0,206.2,21.4,10,72,13,0.11,0.76,25.4,5.0,0.4,A78,117,91,206.2,2.0
1HUW,1HUW,A,166,162,0.7551,88.3,23.9,1158.6,178.3,128,23,11,0.79,0.14,111.3,1.4,1.7,NONE,0,124,1158.6,2.0
1HXW,1HXW,A,99,95,0.6443,4.7,1.5,34.7,6.8,10,71,14,0.11,0.75,7.2,5.1,0.5,RIT,50,91,34.7,1.8
1HXQ,1HXQ,A,340,336,0.8588,26.4,1.3,610.7,75.3,128,162,46,0.38,0.48,62.8,5.1,0.7,U5P,40,138,610.7,1.86
1HXP,1HXP,A,340,336,0.8875,45.7,1.1,1949.4,163.6,133,168,35,0.4,0.5,108.3,5.6,0.5,UDP,25,259,1949.4,1.8
1HL5,1HL5,A,153,149,0.8221,5.4,0.7,128.7,15.8,18,92,39,0.12,0.62,9.3,6.5,0.9,NONE,0,133,128.7,1.8
1I4M,1I4M,A,108,104,0.7923,89.9,5.2,1645.7,203.5,60,34,10,0.58,0.33,152.9,4.8,1.1,NONE,0,202,1645.7,2.0
1ICE,1ICE,A,167,163,0.9226,58.5,2.4,6373.4,497.9,63,77,23,0.39,0.47,143.2,6.6,0.6,ASA,8,212,6373.4,2.6
1IAQ,1IAQ,A,149,145,0.744,13.0,2.3,190.0,25.1,57,60,28,0.39,0.41,27.8,4.8,0.5,GNP,96,134,190.0,2.9
1I0Z,1I0Z,A,332,328,0.8575,49.0,1.5,2402.4,173.8,162,117,49,0.49,0.36,96.4,3.5,0.7,NAI,88,61,2402.4,2.1
1HMV,1HMV,A,536,532,0.7872,13.4,2.1,1152.2,54.7,207,261,64,0.39,0.49,28.3,4.6,1.3,NONE,0,504,1152.2,3.2
1I9B,1I9B,A,205,201,0.8145,8.5,1.2,262.5,24.9,43,136,22,0.21,0.68,10.2,9.2,0.9,NONE,0,196,262.5,2.7
1IGD,1IGD,A,61,57,0.8142,59.3,6.3,808.1,135.8,19,33,5,0.33,0.58,150.3,15.8,0.7,NONE,0,39,808.1,1.1
1IBC,1IBC,A,167,163,0.7471,14.5,1.7,128.3,25.5,65,77,21,0.4,0.47,25.0,9.5,0.6,ASA,8,200,128.3,2.73
1IFB,1IFB,A,131,127,0.7578,14.9,2.6,157.1,28.7,23,85,19,0.18,0.67,35.6,12.5,0.5,NONE,0,17,157.1,1.96
1IE9,1IE9,A,255,251,0.7855,146.3,13.5,3652.7,341.8,173,49,29,0.69,0.2,211.1,2.9,1.6,VDX,30,398,3652.7,1.4
1IEP,1IEP,A,274,270,0.8175,27.5,1.4,609.8,64.4,116,105,49,0.43,0.39,60.2,3.8,0.7,STI,74,341,609.8,2.1
1ISA,1ISA,A,192,188,0.8019,48.2,2.6,1717.7,142.0,101,57,30,0.54,0.3,86.7,4.8,0.7,FE2,2,21,1717.7,1.8
1IDC,1IDC,A,414,410,0.818,19.1,2.3,1664.7,87.9,185,159,66,0.45,0.39,38.6,3.8,1.0,OXS,13,92,1664.7,2.5
1IOB,1IOB,A,153,149,0.6624,4.4,1.7,59.4,7.4,15,111,23,0.1,0.74,1.8,5.4,1.3,NONE,0,17,59.4,2.0
1IF4,1IF4,A,258,254,0.7891,6.7,1.0,218.5,18.9,55,154,45,0.22,0.61,18.1,4.4,0.7,FBS,11,160,218.5,1.93
1IR3,1IR3,A,300,296,0.8755,52.4,1.0,1390.5,154.1,126,120,50,0.43,0.41,119.8,3.1,0.5,PTR,48,1112,1390.5,1.9
1ITH,1ITH,A,141,137,0.6875,37.0,18.4,399.9,62.9,111,13,13,0.81,0.09,45.2,0.3,3.5,CYN,4,14,399.9,2.5
1IRK,1IRK,A,303,299,0.8621,33.6,1.0,1332.6,104.4,132,120,47,0.44,0.4,73.1,3.0,0.5,EMC,6,1195,1332.6,2.1
1IZ2,1IZ2,A,371,367,0.8014,23.4,2.8,669.0,59.3,128,191,48,0.35,0.52,50.8,10.8,0.7,Z6W,20,59,669.0,2.2
1IKM,1IKM,A,68,64,0.8266,11.2,1.2,122.1,25.9,23,35,6,0.36,0.55,26.9,2.7,0.6,MLE,22,62,122.1,
1JBE,1JBE,A,127,119,0.8054,89.9,6.0,1035.8,197.0,59,44,16,0.5,0.37,175.6,7.0,1.3,SNN,8,115,1035.8,1.08
1J1D,1J1D,A,159,155,0.8503,33.2,2.0,1645.7,141.8,102,33,20,0.66,0.21,50.0,1.1,0.4,NONE,0,76,1645.7,2.6
1J5Y,1J5Y,A,167,163,0.8694,76.2,2.3,2547.0,256.5,75,59,29,0.46,0.36,162.1,3.9,1.0,MSE,40,15,2547.0,2.3
1I10,1I10,A,331,327,0.8218,37.4,1.8,1021.0,97.1,164,111,52,0.5,0.34,71.9,3.7,0.6,NAI,352,166,1021.0,2.3
1ITB,1ITB,A,153,149,0.6686,3.5,1.1,33.6,5.5,17,105,27,0.11,0.7,3.4,4.2,1.0,NONE,0,88,33.6,2.5
1J1E,1J1E,A,158,154,0.6896,12.5,3.3,166.8,20.4,99,31,24,0.64,0.2,18.9,1.2,0.5,NONE,0,116,166.8,3.3
1JLI,1JLI,A,112,108,0.7466,15.4,3.4,179.0,30.5,65,28,15,0.6,0.26,24.5,1.9,1.3,NONE,0,43,179.0,
1JOU,1JOU,A,14,10,0.3722,0.9,0.8,1.9,0.6,3,3,4,0.3,0.3,1.2,0.4,1.1,ACY,20,8,1.9,1.8
1JPC,1JPC,A,108,104,0.6829,3.1,0.8,16.7,4.5,11,69,24,0.11,0.66,0.3,4.4,0.5,MAN,91,62,16.7,2.0
1J8U,1J8U,A,307,303,0.8473,61.4,2.7,1754.4,176.8,160,103,40,0.53,0.34,113.7,2.8,2.9,H4B,17,320,1754.4,1.5
1J8T,1J8T,A,307,303,0.8674,73.3,3.1,2482.0,239.1,161,104,38,0.53,0.34,135.6,3.0,1.4,FE2,1,162,2482.0,1.7
1JWR,1JWR,A,130,126,0.8489,38.9,0.9,631.7,96.2,59,35,32,0.47,0.28,81.4,1.3,1.6,NONE,0,92,631.7,1.4
1KFN,1KFN,A,53,49,0.5271,326.0,206.0,2534.7,427.6,48,0,1,0.98,0.0,332.6,,8.2,NONE,0,7,2534.7,1.65
1KAB,1KAB,A,136,132,0.8599,42.0,1.5,886.5,117.8,44,66,22,0.33,0.5,117.8,5.2,0.5,NONE,0,129,886.5,1.8
1JV6,1JV6,A,208,204,0.7085,140.2,52.4,1960.6,270.1,179,14,11,0.88,0.07,159.7,0.5,0.8,LI1,121,109,1960.6,2.0
1KDA,1KDA,A,137,133,0.8669,38.6,1.1,644.6,105.7,43,65,25,0.32,0.49,112.6,4.3,0.4,NONE,0,64,644.6,1.9
1JWZ,1JWZ,A,263,259,0.8408,79.0,2.6,1835.6,212.9,126,89,44,0.49,0.34,156.4,7.8,1.2,105,20,36,1835.6,1.8
1JAG,1JAG,A,229,225,0.7959,36.2,4.5,1374.3,105.8,138,62,25,0.61,0.28,56.2,5.6,1.5,ATP,248,167,1374.3,2.8
1JWP,1JWP,A,263,259,0.8499,75.5,2.6,1305.0,196.5,124,88,47,0.48,0.34,153.3,5.6,1.1,NONE,0,188,1305.0,1.75
1KH8,1KH8,A,125,121,0.9084,31.7,1.3,1003.7,127.3,34,65,22,0.28,0.54,106.4,3.1,0.8,CS,1,8,1003.7,2.0
1KIV,1KIV,A,78,74,0.7307,1.8,0.7,26.5,4.6,14,38,22,0.19,0.51,0.6,2.8,0.8,NONE,0,23,26.5,2.1
1JST,1JST,A,297,293,0.8559,22.2,1.1,593.8,65.6,123,119,51,0.42,0.41,49.6,3.1,0.6,ATP,62,111,593.8,2.6
1KTS,1KTS,A,14,10,0.5055,0.7,0.5,2.0,0.7,3,3,4,0.3,0.3,0.8,0.1,1.2,C24,37,6,2.0,2.4
1KRN,1KRN,A,79,75,0.805,2.9,0.6,52.7,9.3,13,42,20,0.17,0.56,1.2,4.3,1.0,NONE,0,87,52.7,1.67
1KE5,1KE5,A,281,277,0.8678,48.2,1.5,1538.4,146.4,125,112,40,0.45,0.4,102.3,4.8,0.5,LS1,23,107,1538.4,2.2
1JR1,1JR1,A,436,432,0.8424,24.0,1.3,701.8,64.1,168,177,87,0.39,0.41,58.1,3.0,0.8,IMP,46,465,701.8,2.6
1L35,1L35,A,164,160,0.763,83.6,5.9,1043.4,165.0,111,31,18,0.69,0.19,120.3,0.9,0.5,NONE,0,118,1043.4,1.8
1KWN,1KWN,A,207,203,0.8238,8.3,0.8,266.0,24.9,34,127,42,0.17,0.63,27.1,5.9,0.4,TAR,10,174,266.0,1.2
1L54,1L54,A,164,160,0.7265,45.4,5.2,376.0,73.9,111,30,19,0.69,0.19,65.0,0.8,0.7,NONE,0,151,376.0,1.9
1KT7,1KT7,A,175,171,0.8923,15.3,1.1,782.3,69.9,36,110,25,0.21,0.64,57.0,5.1,0.3,RTL,21,153,782.3,1.274
1L58,1L58,A,164,160,0.7716,75.1,8.7,1343.5,160.5,113,31,16,0.71,0.19,106.1,0.9,0.4,NONE,0,128,1343.5,1.65
1L02,1L02,A,164,160,0.7621,58.8,6.2,1273.5,129.2,111,30,19,0.69,0.19,84.4,0.9,0.7,NONE,0,131,1273.5,1.7
1L33,1L33,A,164,160,0.8152,93.9,5.3,2097.4,252.3,110,30,20,0.69,0.19,136.1,0.9,1.0,NONE,0,130,2097.4,1.7
1L22,1L22,A,164,160,0.736,53.4,9.9,745.5,96.4,110,30,20,0.69,0.19,77.2,1.0,0.9,NONE,0,128,745.5,1.7
1L63,1L63,A,162,158,0.796,76.8,4.3,1605.6,178.3,109,31,18,0.69,0.2,111.0,0.9,0.3,NONE,0,97,1605.6,1.75
1KNY,1KNY,A,253,249,0.7797,27.2,5.1,614.8,66.7,148,69,32,0.59,0.28,43.3,4.7,1.4,KAN,66,167,614.8,2.5
1KZK,1KZK,A,99,95,0.7711,6.8,1.8,214.2,23.2,11,70,14,0.12,0.74,25.1,5.2,0.5,JE2,41,91,214.2,1.09
1L97,1L97,A,164,160,0.7671,30.6,4.7,507.3,63.4,109,29,22,0.68,0.18,44.5,0.7,1.3,NONE,0,129,507.3,2.0
1LFO,1LFO,A,126,122,0.8499,32.4,3.0,1400.0,133.2,20,83,19,0.16,0.68,125.8,17.3,0.2,OLA,40,17,1400.0,2.1
1LCL,1LCL,A,141,137,0.7906,9.0,1.1,125.5,19.7,17,104,16,0.12,0.76,2.7,11.3,0.3,NONE,0,22,125.5,1.8
1LF5,1LF5,A,166,162,0.8,36.3,2.3,421.6,74.4,67,72,23,0.41,0.44,81.6,5.6,0.4,GDP,28,99,421.6,1.7
1LDS,1LDS,A,97,93,0.7615,9.0,1.7,113.8,20.1,11,75,7,0.12,0.81,0.7,11.1,0.4,NONE,0,82,113.8,1.8
1LE2,1LE2,A,144,140,0.6316,22.2,10.7,382.5,42.4,117,7,16,0.84,0.05,26.1,1.4,2.7,NONE,0,145,382.5,3.0
1LIB,1LIB,A,131,127,0.8293,37.9,3.3,639.7,96.0,24,86,17,0.19,0.68,73.7,35.4,0.3,NONE,0,114,639.7,1.7
1LCD,1LCD,A,51,47,0.7834,26.1,3.2,220.0,50.9,28,14,5,0.6,0.3,43.0,1.2,1.4,NONE,0,36,220.0,
1KWF,1KWF,A,363,359,0.8404,85.4,1.8,2974.0,256.5,210,89,60,0.58,0.25,144.9,1.9,0.6,BGC,56,67,2974.0,0.94
1LYY,1LYY,A,130,126,0.8095,28.4,1.1,439.0,61.2,64,34,28,0.51,0.27,54.9,1.4,0.7,NONE,0,29,439.0,1.75
1LOY,1LOY,A,104,100,0.9006,47.3,1.0,1157.7,160.7,28,51,21,0.28,0.51,159.6,4.9,0.4,3GP,24,20,1157.7,1.55
1LOZ,1LOZ,A,130,126,0.8262,27.2,0.8,343.1,60.9,57,33,36,0.45,0.26,58.6,1.7,0.9,NONE,0,12,343.1,1.8
1LIL,1LIL,A,210,206,0.7363,5.2,1.2,124.3,11.6,22,148,36,0.11,0.72,7.7,6.0,0.5,NONE,0,193,124.3,2.65
1LQB,1LQB,A,104,100,0.8622,20.2,1.9,442.9,61.7,26,62,12,0.26,0.62,63.9,5.7,0.5,HYP,8,31,442.9,2.0
1LYZ,1LYZ,A,129,125,0.7469,4.6,1.0,78.0,9.8,53,33,39,0.42,0.26,9.2,1.0,1.3,NONE,0,82,78.0,2.0
1LZ1,1LZ1,A,130,126,0.8826,44.4,0.7,1201.1,149.5,59,33,34,0.47,0.26,93.3,1.8,0.9,NONE,0,8,1201.1,1.5
1LDM,1LDM,A,329,325,0.7618,13.9,2.4,220.5,29.3,161,115,49,0.5,0.35,25.4,3.3,0.8,NAD,44,175,220.5,2.1
1LAM,1LAM,A,484,480,0.8495,70.0,2.6,2319.4,223.8,228,192,60,0.47,0.4,141.3,6.7,2.2,MRD,24,25,2319.4,1.6
1LZA,1LZA,A,129,125,0.8772,41.5,0.9,1176.3,133.2,56,33,36,0.45,0.26,90.8,1.5,1.4,NONE,0,11,1176.3,1.6
1MBG,1MBG,A,52,48,0.7491,42.4,5.5,283.3,71.5,30,12,6,0.62,0.25,66.9,2.1,0.6,NH2,3,104,283.3,
1MAI,1MAI,A,119,115,0.843,25.3,1.3,467.2,65.9,46,56,13,0.4,0.49,56.7,5.2,0.7,I3P,24,120,467.2,1.9
1LZB,1LZB,A,129,125,0.9171,69.2,0.9,2196.0,282.5,56,33,36,0.45,0.26,152.6,1.9,1.3,NAG,43,28,2196.0,1.5
1MBC,1MBC,A,153,149,0.8121,110.1,30.2,6375.0,535.6,126,14,9,0.85,0.09,130.0,0.5,1.6,CMO,2,106,6375.0,1.5
1M6T,1M6T,A,106,102,0.7744,156.9,48.1,5645.8,566.4,85,9,8,0.83,0.09,188.0,0.6,2.0,NONE,0,87,5645.8,1.81
1MBA,1MBA,A,146,142,0.6718,99.6,40.7,849.0,146.7,117,16,9,0.82,0.11,120.5,2.6,0.6,ACE,3,29,849.0,1.6
1M2Z,1M2Z,A,255,251,0.7373,44.7,9.7,514.1,80.4,170,46,35,0.68,0.18,65.2,2.2,0.8,DEX,57,702,514.1,2.5
1MBD,1MBD,A,153,149,0.9459,495.3,39.3,61769.5,5042.0,127,13,9,0.85,0.09,580.9,0.4,1.7,HEM,43,84,61769.5,1.4
1MBN,1MBN,A,153,149,0.6769,31.3,13.6,282.7,49.1,127,13,9,0.85,0.09,36.6,0.6,0.5,OH,1,12,282.7,2.0
1MBO,1MBO,A,153,149,0.7617,117.5,33.5,3226.1,345.1,126,12,11,0.85,0.08,138.7,0.5,2.5,OXY,2,54,3226.1,1.6
1M17,1M17,A,312,308,0.8677,30.6,1.3,1170.5,105.4,129,130,49,0.42,0.42,66.1,6.6,0.6,AQ4,29,793,1170.5,2.6
1MJC,1MJC,A,69,65,0.6804,2.5,0.8,16.6,3.7,9,43,13,0.14,0.66,1.7,2.9,1.6,NONE,0,28,16.6,2.0
1MEE,1MEE,A,275,271,0.895,36.1,1.2,1650.3,144.8,105,112,54,0.39,0.41,88.5,3.9,0.8,NONE,0,231,1650.3,2.0
1MCT,1MCT,A,220,216,0.8812,13.6,0.8,471.1,47.5,43,135,38,0.2,0.62,46.0,6.9,0.6,NONE,0,241,471.1,1.6
1MLQ,1MLQ,A,154,150,0.7418,95.8,30.6,1775.8,212.3,128,13,9,0.85,0.09,112.2,0.7,0.7,CMO,2,22,1775.8,2.0
1MLF,1MLF,A,154,150,0.7286,89.4,30.9,1379.0,180.8,127,13,10,0.85,0.09,105.4,0.6,1.5,CMO,2,71,1379.0,2.0
1MCI,1MCI,A,216,212,0.7688,5.5,1.1,135.7,13.8,16,154,42,0.08,0.73,5.8,6.8,0.5,DPN,11,56,135.7,2.7
1MLJ,1MLJ,A,154,150,0.7269,95.0,31.6,1159.0,177.1,126,14,10,0.84,0.09,112.9,0.5,1.7,CMO,2,130,1159.0,2.0
1MLM,1MLM,A,154,150,0.7122,83.3,31.9,2087.0,201.4,126,14,10,0.84,0.09,98.9,0.7,2.6,CMO,2,143,2087.0,1.8
1MML,1MML,A,251,247,0.8388,32.0,2.8,601.4,84.6,95,120,32,0.38,0.49,74.7,6.4,1.8,NONE,0,80,601.4,1.8
1MSO,1MSO,A,21,17,0.694,27.7,13.2,168.4,42.7,12,4,1,0.71,0.24,37.9,3.7,0.6,NONE,0,15,168.4,1.0
1MOF,1MOF,A,53,49,0.5987,107.8,80.9,698.8,133.6,38,6,5,0.78,0.12,137.2,10.7,0.6,NONE,0,71,698.8,1.7
1NAG,1NAG,A,56,52,0.8643,16.4,1.1,294.7,49.4,17,28,7,0.33,0.54,44.9,3.1,0.2,NONE,0,50,294.7,1.9
1MDR,1MDR,A,357,353,0.8538,44.8,2.4,2363.2,157.7,166,131,56,0.47,0.37,91.8,4.1,0.5,APG,12,232,2363.2,2.1
1MLW,1MLW,A,290,286,0.8205,65.6,3.7,976.9,145.6,163,93,30,0.57,0.33,112.7,3.7,1.1,HBI,17,308,976.9,1.71
1LMJ,1LMJ,A,86,82,0.8026,2.8,0.7,92.0,10.5,17,39,26,0.21,0.48,6.8,2.6,0.6,NONE,0,8,92.0,
1MYH,1MYH,A,153,149,0.7226,44.5,12.0,954.8,98.2,125,14,10,0.84,0.09,52.9,0.5,0.7,HEM,86,63,954.8,1.9
1NAP,1NAP,A,66,62,0.8271,13.1,0.9,191.9,31.8,22,35,5,0.35,0.56,24.3,7.9,0.3,NONE,0,79,191.9,1.9
1MUP,1MUP,A,157,153,0.8649,12.4,1.5,645.7,60.6,31,93,29,0.2,0.61,45.1,4.9,1.4,TZL,9,137,645.7,2.4
1MLD,1MLD,A,313,309,0.8162,43.7,2.9,1150.0,111.9,163,101,45,0.53,0.33,77.3,8.6,0.7,NONE,0,131,1150.0,1.83
1N0W,1N0W,A,203,199,0.8791,53.4,1.3,1140.4,158.1,81,83,35,0.41,0.42,124.1,6.6,0.6,MSE,64,255,1140.4,1.7
1NCG,1NCG,A,99,95,0.7212,5.9,1.2,57.6,10.0,16,66,13,0.17,0.69,5.4,7.1,0.2,YB,1,95,57.6,2.1
1NAR,1NAR,A,289,285,0.8245,30.3,1.3,593.7,71.1,133,114,38,0.47,0.4,60.9,4.5,0.6,NONE,0,148,593.7,1.8
1NCI,1NCI,A,102,98,0.7553,6.8,1.0,162.8,18.0,15,68,15,0.15,0.69,12.3,6.7,1.7,IUM,3,28,162.8,2.1
1NAX,1NAX,A,250,246,0.7854,70.8,10.1,1042.6,153.5,171,46,29,0.7,0.19,101.3,1.8,0.9,IH5,23,376,1042.6,2.5
1MND,1MND,A,641,637,0.7656,11.3,2.1,280.5,25.7,309,229,99,0.49,0.36,20.4,3.2,1.4,ADP,27,280,280.5,2.6
1NEY,1NEY,A,246,242,0.8461,53.9,2.4,2484.4,184.4,116,84,42,0.48,0.35,108.7,4.6,1.0,FTR,48,49,2484.4,1.2
1NKR,1NKR,A,195,191,0.8432,15.8,1.7,691.9,61.8,19,154,18,0.1,0.81,0.5,19.5,0.7,NONE,0,127,691.9,1.7
1NXB,1NXB,A,62,58,0.7004,3.4,0.9,22.4,5.5,4,36,18,0.07,0.62,0.3,5.1,0.6,NONE,0,53,22.4,1.38
1NUC,1NUC,A,134,130,0.8669,43.3,1.2,837.5,122.1,44,62,24,0.34,0.48,120.2,5.2,0.6,THP,26,63,837.5,1.9
1NHZ,1NHZ,A,239,235,0.7359,61.9,15.2,688.3,108.1,163,44,28,0.69,0.19,88.4,2.7,0.8,486,32,670,688.3,2.3
1NPC,1NPC,A,317,313,0.8338,34.3,1.4,1458.6,106.7,143,106,64,0.46,0.34,71.3,4.5,1.0,NONE,0,83,1458.6,2.0
1NBF,1NBF,A,347,343,0.8729,29.4,1.6,960.0,98.0,130,160,53,0.38,0.47,70.8,5.4,0.6,GLZ,8,228,960.0,2.3
1NGR,1NGR,A,85,81,0.7473,23.6,3.3,205.8,41.8,55,14,12,0.68,0.17,34.1,0.5,3.0,NONE,0,360,205.8,
1NYF,1NYF,A,58,54,0.6513,2.0,0.7,17.2,3.0,8,35,11,0.15,0.65,2.6,2.3,0.4,NONE,0,126,17.2,
1NLS,1NLS,A,237,233,0.7948,8.5,1.2,327.9,25.5,27,173,33,0.12,0.74,1.0,11.2,0.5,NONE,0,75,327.9,0.94
1NBM,1NBM,A,487,483,0.8017,23.8,2.3,488.7,56.1,228,186,69,0.47,0.39,46.4,4.7,0.8,ATP,124,391,488.7,3.0
1OAA,1OAA,A,259,255,0.7983,85.5,4.7,1786.6,197.9,135,89,31,0.53,0.35,143.5,27.2,0.7,NAP,55,153,1786.6,1.25
1OHR,1OHR,A,99,95,0.8634,12.0,2.0,756.3,77.1,11,73,11,0.12,0.77,74.3,4.4,0.4,1UN,44,91,756.3,2.1
1OHO,1OHO,A,123,119,0.8747,53.6,2.1,1227.3,169.3,40,65,14,0.34,0.55,151.0,5.2,0.5,EQU,20,19,1227.3,1.9
1O6X,1O6X,A,81,77,0.7367,8.1,2.0,104.3,15.8,28,38,11,0.36,0.49,17.5,3.3,1.0,NONE,0,67,104.3,
1O86,1O86,A,575,571,0.8558,106.2,8.6,7843.0,477.8,386,108,77,0.68,0.19,155.4,2.7,4.6,LPR,29,207,7843.0,2.0
1ONC,1ONC,A,103,99,0.7723,7.3,1.3,111.5,17.7,28,59,12,0.28,0.6,17.2,4.0,0.6,PCA,8,7,111.5,1.7
1NIN,1NIN,A,105,101,0.7624,4.7,1.0,53.2,9.8,13,64,24,0.13,0.63,1.5,6.4,1.9,NONE,0,75,53.2,
1N5X,1N5X,A,1290,1286,0.8411,20.9,1.7,2055.6,85.2,505,566,215,0.39,0.44,46.1,6.0,1.1,FAD,106,777,2055.6,2.8
1O8A,1O8A,A,575,571,0.8182,90.3,8.5,4571.0,292.9,384,109,78,0.67,0.19,132.6,2.7,4.5,NXA,9,139,4571.0,2.0
1OJ6,1OJ6,A,147,143,0.7478,106.5,36.5,1869.1,230.7,117,15,11,0.82,0.1,130.0,0.5,1.0,HEM,172,71,1869.1,1.95
1OSA,1OSA,A,148,144,0.7423,53.0,7.6,436.2,89.2,97,26,21,0.67,0.18,78.2,1.4,0.4,NONE,0,12,436.2,1.68
1OPF,1OPF,A,340,336,0.7802,9.1,1.6,443.7,29.9,38,234,64,0.11,0.7,5.4,12.0,0.7,NONE,0,312,443.7,3.2
1OK4,1OK4,A,251,247,0.8422,57.4,2.4,2851.8,207.3,124,81,42,0.5,0.33,110.4,5.7,0.8,13P,90,190,2851.8,2.1
1OCA,1OCA,A,165,161,0.8629,8.2,0.6,179.2,23.3,37,79,45,0.23,0.49,27.8,3.5,0.4,NONE,0,34,179.2,
1OSF,1OSF,A,215,211,0.8702,64.7,2.9,2785.7,236.2,89,85,37,0.42,0.4,142.1,11.0,2.0,KOS,44,53,2785.7,1.75
1OX3,1OX3,A,108,104,0.8152,101.3,5.6,1509.4,232.5,44,46,14,0.42,0.44,233.9,5.0,0.9,NONE,0,61,1509.4,2.0
1OQ5,1OQ5,A,256,252,0.7921,7.1,1.0,148.4,17.6,55,150,47,0.22,0.6,18.3,4.5,2.1,CEL,26,159,148.4,1.5
1ONE,1ONE,A,436,432,0.8442,65.2,2.0,1772.1,174.5,215,145,72,0.5,0.34,124.6,9.2,0.8,2PG,22,182,1772.1,1.8
1OQO,1OQO,A,208,204,0.761,11.2,2.6,301.1,28.4,30,148,26,0.15,0.73,11.0,13.1,0.9,BMA,22,322,301.1,2.3
1PEN,1PEN,A,16,12,0.735,10.1,1.2,54.5,17.0,8,2,2,0.67,0.17,14.8,1.0,0.4,NH2,1,8,54.5,1.1
1OEL,1OEL,A,524,520,0.8372,66.2,5.5,6302.3,319.1,296,163,61,0.57,0.31,112.3,6.8,0.8,NONE,0,396,6302.3,2.7
1PGA,1PGA,A,56,52,0.8853,79.0,2.8,2214.3,310.0,19,28,5,0.37,0.54,201.0,10.2,0.6,NONE,0,31,2214.3,2.07
1O05,1O05,A,494,490,0.8749,57.8,2.4,4598.4,250.3,223,207,60,0.46,0.42,116.6,11.0,0.9,NONE,0,255,4598.4,2.25
1PGB,1PGB,A,56,52,0.8147,36.5,3.9,527.7,90.9,19,28,5,0.37,0.54,87.4,8.3,0.5,NONE,0,31,527.7,1.92
1PDO,1PDO,A,129,125,0.8485,130.3,6.2,3909.5,409.7,66,43,16,0.53,0.34,243.7,4.7,0.3,NONE,0,98,3909.5,1.7
1OZU,1OZU,A,149,145,0.8232,4.3,0.6,153.9,14.7,17,91,37,0.12,0.63,1.3,6.3,0.6,CSX,14,146,153.9,1.3
1PBN,1PBN,A,289,285,0.8664,29.9,1.1,881.2,93.4,108,126,51,0.38,0.44,73.0,4.8,0.8,NONE,0,11,881.2,2.0
1PDA,1PDA,A,296,292,0.8483,46.0,2.4,2297.4,164.2,128,124,40,0.44,0.42,97.7,7.3,0.8,DPM,30,287,2297.4,1.76
1PHT,1PHT,A,83,79,0.8259,8.4,1.0,163.7,23.4,19,46,14,0.24,0.58,23.2,4.7,0.5,NONE,0,52,163.7,2.0
1OVA,1OVA,A,366,362,0.8579,26.3,2.1,1124.9,95.1,142,172,48,0.39,0.48,57.8,7.4,0.5,SEP,30,77,1124.9,1.95
1PGT,1PGT,A,210,206,0.7989,64.8,5.4,1302.9,151.2,129,44,33,0.63,0.21,101.7,4.3,1.3,GTX,52,162,1302.9,1.8
1PLC,1PLC,A,99,95,0.6886,3.1,0.8,24.7,4.7,14,66,15,0.15,0.69,2.0,4.0,0.3,NONE,0,28,24.7,1.33
1OHH,1OHH,A,487,483,0.8223,15.1,2.5,2681.7,122.9,228,177,78,0.47,0.37,28.0,4.7,1.2,ANP,155,279,2681.7,2.8
1PF8,1PF8,A,298,294,0.8747,24.7,1.3,1229.7,106.6,128,126,40,0.44,0.43,53.1,3.5,0.6,SU9,18,173,1229.7,2.51
1PKD,1PKD,A,296,292,0.8362,21.4,1.3,518.4,58.6,127,116,49,0.43,0.4,45.2,4.0,1.1,UCN,72,105,518.4,2.3
1PH0,1PH0,A,283,279,0.818,30.5,1.6,607.7,70.6,124,114,41,0.44,0.41,56.0,13.3,1.4,418,46,252,607.7,2.2
1PLQ,1PLQ,A,258,254,0.8448,24.3,2.6,1233.2,94.4,66,156,32,0.26,0.61,67.7,10.7,1.2,HG,2,73,1233.2,2.3
1POA,1POA,A,118,114,0.7716,51.6,2.0,533.8,92.9,63,37,14,0.55,0.32,90.8,3.2,3.2,NONE,0,40,533.8,1.5
1POC,1POC,A,134,130,0.8403,24.4,1.2,761.0,75.2,46,63,21,0.35,0.48,63.7,3.6,0.5,GEL,31,29,761.0,2.0
1POP,1POP,A,212,208,0.8949,24.9,1.0,849.2,89.6,72,90,46,0.35,0.43,67.2,3.6,0.4,MOH,72,70,849.2,2.1
1PSJ,1PSJ,A,124,120,0.7755,45.6,1.5,505.9,85.0,65,35,20,0.54,0.29,82.7,2.2,0.9,NONE,0,96,505.9,2.01
1PHP,1PHP,A,394,390,0.8355,43.9,2.1,793.8,107.0,183,149,58,0.47,0.38,88.7,5.6,1.1,ADP,27,46,793.8,1.65
1PMC,1PMC,A,36,32,0.5805,1.5,0.9,14.3,2.5,2,21,9,0.06,0.66,0.1,2.0,0.8,NONE,0,29,14.3,
1PTF,1PTF,A,87,83,0.8055,54.8,3.3,532.3,111.4,37,33,13,0.45,0.4,106.8,17.9,0.5,NONE,0,79,532.3,1.6
1PKN,1PKN,A,514,510,0.8093,17.9,2.0,902.4,58.9,242,204,64,0.47,0.4,30.1,8.7,1.3,PYR,6,269,902.4,2.9
1QGV,1QGV,A,131,127,0.9043,109.0,3.5,4924.5,496.2,54,50,23,0.43,0.39,247.0,9.1,1.9,NONE,0,116,4924.5,1.4
1QA9,1QA9,A,102,98,0.7351,4.4,0.9,82.8,9.6,10,65,23,0.1,0.66,2.7,6.1,0.4,NONE,0,84,82.8,3.2
1QDD,1QDD,A,144,140,0.8905,36.2,1.4,979.6,117.0,36,79,25,0.26,0.56,131.8,3.9,0.7,SIA,20,63,979.6,1.3
1PXI,1PXI,A,294,290,0.8533,38.4,1.3,988.1,106.4,130,117,43,0.45,0.4,80.0,6.1,0.5,CK1,14,106,988.1,1.95
1QBS,1QBS,A,98,94,0.6631,6.3,2.0,51.6,9.4,11,70,13,0.12,0.74,9.1,6.9,0.5,DMP,42,46,51.6,1.8
1PXO,1PXO,A,294,290,0.8902,53.6,1.2,2478.5,207.2,130,118,42,0.45,0.41,114.9,4.9,0.6,CK7,14,195,2478.5,1.96
1PXJ,1PXJ,A,294,290,0.86,33.7,1.3,1288.7,110.1,125,119,46,0.43,0.41,73.6,4.5,0.5,CK2,14,190,1288.7,2.3
1QLX,1QLX,A,104,100,0.6656,26.4,8.8,169.4,36.5,62,27,11,0.62,0.27,40.9,3.0,2.0,NONE,0,205,169.4,
1QJP,1QJP,A,137,133,0.6307,11.3,6.0,116.8,17.5,11,116,6,0.08,0.87,0.9,12.8,0.7,C8E,126,40,116.8,1.65
1Q2S,1Q2S,A,376,372,0.7454,16.5,2.6,250.0,30.5,188,121,63,0.51,0.33,29.3,4.7,0.7,PQ1,25,175,250.0,3.2
1QCF,1QCF,A,449,445,0.8669,28.3,1.0,1854.5,105.5,160,211,74,0.36,0.47,70.8,5.4,1.4,PP1,21,364,1854.5,2.0
1QKJ,1QKJ,A,351,347,0.8384,22.5,1.7,554.1,65.2,155,142,50,0.45,0.41,45.6,4.7,1.3,UDP,25,83,554.1,2.3
1QBI,1QBI,A,434,430,0.8109,5.0,0.7,338.8,19.8,62,269,99,0.14,0.63,12.6,5.0,0.5,PT,2,186,338.8,1.7
1QTK,1QTK,A,129,125,0.8706,29.1,0.9,640.4,86.2,58,35,32,0.46,0.28,61.7,1.2,0.7,KR,1,28,640.4,2.03
1QLP,1QLP,A,372,368,0.861,35.0,2.7,1360.1,113.0,137,189,42,0.37,0.51,81.4,9.1,0.6,NONE,0,270,1360.1,2.0
1QIF,1QIF,A,532,528,0.884,40.1,1.7,2856.4,170.0,227,215,86,0.43,0.41,89.3,4.0,0.8,NONE,0,466,2856.4,2.1
1PMR,1PMR,A,80,76,0.603,0.8,0.5,5.6,1.2,3,46,27,0.04,0.61,0.3,0.9,0.7,NONE,0,4,5.6,
1QMZ,1QMZ,A,296,292,0.8607,27.0,1.1,1454.5,101.9,127,117,48,0.43,0.4,58.1,3.9,0.8,ATP,62,214,1454.5,2.2
1QUG,1QUG,A,162,158,0.7967,67.7,5.4,1449.7,175.4,109,31,18,0.69,0.2,97.8,1.0,0.4,HED,8,119,1449.7,1.9
1R03,1R03,A,171,167,0.7853,258.2,70.6,4456.0,667.4,131,23,13,0.78,0.14,328.5,3.8,0.6,NONE,0,21,4456.0,1.7
1QPQ,1QPQ,A,284,280,0.8646,52.8,3.1,2932.1,252.0,147,104,29,0.53,0.37,97.2,4.5,1.1,NTM,72,186,2932.1,2.45
1QHG,1QHG,A,622,618,0.7678,23.6,4.2,691.6,53.8,348,178,92,0.56,0.29,38.4,6.0,1.5,ATP,31,504,691.6,2.5
1QNJ,1QNJ,A,229,225,0.8799,9.7,0.9,644.6,48.7,41,139,45,0.18,0.62,38.9,3.9,0.7,NONE,0,240,644.6,1.1
1QNF,1QNF,A,475,471,0.8054,45.6,3.1,1094.9,107.0,277,135,59,0.59,0.29,75.1,4.7,0.6,FAD,53,257,1094.9,1.8
1RAT,1RAT,A,124,120,0.8322,13.6,1.3,193.6,33.3,34,69,17,0.28,0.57,40.9,3.1,1.2,NONE,0,30,193.6,1.5
1RBP,1RBP,A,175,171,0.8845,14.8,1.2,948.0,76.1,35,110,26,0.2,0.64,27.8,14.1,0.3,RTL,21,57,948.0,2.0
1RBE,1RBE,A,104,100,0.8397,14.0,1.8,271.3,40.6,22,63,15,0.22,0.63,50.2,4.4,0.9,NH2,1,53,271.3,1.75
1RCA,1RCA,A,124,120,0.9032,27.3,1.6,1430.6,136.8,34,67,19,0.28,0.56,87.6,4.2,1.0,CGP,24,9,1430.6,1.9
1REI,1REI,A,107,103,0.7412,5.3,1.0,55.2,9.9,9,75,19,0.09,0.73,0.4,6.9,1.1,NONE,0,35,55.2,2.0
1RGC,1RGC,A,104,100,0.9113,60.8,1.0,1802.8,218.3,27,51,22,0.27,0.51,216.7,4.3,0.3,3GP,46,17,1802.8,2.0
1RIS,1RIS,A,97,93,0.8283,45.2,3.0,918.8,118.3,34,47,12,0.37,0.51,102.6,14.9,1.1,NONE,0,23,918.8,2.0
1R1R,1R1R,A,734,730,0.8373,43.9,2.3,2535.7,142.0,386,241,103,0.53,0.33,79.5,4.9,1.6,NONE,0,487,2535.7,2.9
1RGE,1RGE,A,96,92,0.8951,24.8,0.7,466.1,77.5,25,49,18,0.27,0.53,74.9,8.2,0.6,2GP,24,21,466.1,1.15
1QKI,1QKI,A,488,484,0.8082,16.3,2.1,711.3,48.2,208,209,67,0.43,0.43,31.4,6.3,0.8,NAP,384,442,711.3,3.0
1RAF,1RAF,A,310,306,0.7978,15.8,1.5,376.5,38.0,139,109,58,0.45,0.36,31.2,3.9,1.4,CTP,58,302,376.5,2.5
1R46,1R46,A,390,386,0.877,17.2,1.2,1244.5,85.8,143,166,77,0.37,0.43,41.0,4.3,0.7,FUC,10,160,1244.5,3.25
1RGS,1RGS,A,264,260,0.7839,11.1,1.8,316.2,29.3,98,117,45,0.38,0.45,22.9,5.0,1.3,CMP,44,146,316.2,2.8
1RGG,1RGG,A,96,92,0.8912,20.6,0.7,439.6,65.5,23,49,20,0.25,0.53,66.9,6.9,0.6,NONE,0,21,439.6,1.2
1ROP,1ROP,A,56,52,0.7138,326.2,127.7,6529.0,903.7,49,1,2,0.94,0.02,346.1,0.4,0.8,NONE,0,12,6529.0,1.7
1RKI,1RKI,A,101,97,0.8551,37.0,3.4,1051.2,123.0,34,53,10,0.35,0.55,89.1,10.6,0.2,P6G,19,18,1051.2,1.6
1RPO,1RPO,A,61,57,0.65,290.6,169.3,2813.2,495.1,53,1,3,0.93,0.02,312.5,0.1,1.0,NONE,0,54,2813.2,1.4
1RFO,1RFO,A,27,23,0.6197,5.9,1.4,24.6,7.1,3,16,4,0.13,0.7,6.3,7.2,0.5,NONE,0,13,24.6,
1RTB,1RTB,A,124,120,0.7678,7.2,1.6,127.8,16.4,30,69,21,0.25,0.57,18.2,4.2,1.6,NONE,0,26,127.8,2.5
1RPH,1RPH,A,124,120,0.8705,17.3,1.6,662.9,67.0,37,69,14,0.31,0.57,48.1,4.1,0.9,NONE,0,9,662.9,2.2
1RX1,1RX1,A,159,155,0.7959,14.1,2.1,191.6,31.7,47,90,18,0.3,0.58,34.5,6.2,0.5,NAP,48,99,191.6,2.0
1RQW,1RQW,A,207,203,0.8011,6.5,0.9,143.8,16.3,35,126,42,0.17,0.62,19.3,4.9,0.4,TLA,10,131,143.8,1.05
1RKP,1RKP,A,311,307,0.8029,115.8,12.6,4601.3,346.0,222,39,46,0.72,0.13,159.8,0.7,1.1,IBM,16,574,4601.3,2.05
1RX3,1RX3,A,159,155,0.7956,12.9,1.8,179.5,28.6,48,92,15,0.31,0.59,31.3,5.2,0.4,NAP,48,79,179.5,2.2
1RX2,1RX2,A,159,155,0.8255,15.5,1.7,368.8,42.3,46,92,17,0.3,0.59,40.5,5.8,0.4,NAP,48,49,368.8,1.8
1RX4,1RX4,A,159,155,0.8256,17.7,2.2,365.3,47.3,45,92,18,0.29,0.59,48.1,6.2,0.7,NAP,39,26,365.3,2.2
1RX6,1RX6,A,159,155,0.8583,17.5,1.5,404.1,53.1,50,92,13,0.32,0.59,45.0,5.0,0.4,NAP,39,26,404.1,2.9
1RTQ,1RTQ,A,291,287,0.8299,51.8,1.7,859.2,122.4,137,108,42,0.48,0.38,104.5,4.8,0.7,NONE,0,41,859.2,0.95
1RX5,1RX5,A,159,155,0.8584,15.2,2.1,892.9,74.7,51,92,12,0.33,0.59,38.8,4.0,0.3,DDF,32,30,892.9,2.3
1SBG,1SBG,A,99,95,0.7162,6.6,2.1,133.1,15.4,11,70,14,0.12,0.74,16.1,6.3,0.4,IM1,39,91,133.1,2.3
1SEM,1SEM,A,58,54,0.7933,4.3,0.7,50.5,10.1,8,38,8,0.15,0.7,0.5,5.8,1.1,ACE,6,182,50.5,2.0
1SDT,1SDT,A,99,95,0.6376,4.5,2.0,45.7,6.9,12,70,13,0.13,0.74,6.4,4.9,0.5,MK1,45,58,45.7,1.3
1S81,1S81,A,220,216,0.8951,12.2,0.8,534.0,55.8,43,136,37,0.2,0.63,47.8,4.1,0.5,NONE,0,237,534.0,1.7
1SBC,1SBC,A,274,270,0.8382,15.4,1.0,718.8,51.8,97,110,63,0.36,0.41,37.3,4.7,0.6,NONE,0,109,718.8,2.5
1SGT,1SGT,A,213,209,0.8943,13.6,0.8,405.6,52.2,37,126,46,0.18,0.6,61.9,4.1,1.0,NONE,0,237,405.6,1.7
1SH1,1SH1,A,48,44,0.7014,2.6,0.6,18.2,4.1,6,31,7,0.14,0.7,0.4,3.5,0.2,NONE,0,4,18.2,
1SHF,1SHF,A,59,55,0.7048,2.7,0.7,24.9,4.8,8,36,11,0.15,0.65,1.2,2.9,3.2,NONE,0,115,24.9,1.9
1SFP,1SFP,A,111,107,0.799,10.7,1.1,150.3,24.8,10,81,16,0.09,0.76,0.5,13.9,0.7,NONE,0,44,150.3,1.9
1SCA,1SCA,A,274,270,0.9043,46.6,1.1,1885.7,179.2,102,116,52,0.38,0.43,118.6,3.8,0.6,NONE,0,108,1885.7,2.0
1SBT,1SBT,A,275,271,0.7626,5.8,1.0,216.8,15.9,93,107,71,0.34,0.39,11.6,4.0,1.0,NONE,0,231,216.8,2.5
1SKH,1SKH,A,30,26,0.574,7.3,2.6,29.5,8.0,18,3,5,0.69,0.12,10.0,1.0,1.4,NONE,0,17,29.5,
1SCJ,1SCJ,A,275,271,0.8585,37.5,1.2,944.8,100.0,102,112,57,0.38,0.41,94.7,4.3,0.5,NONE,0,16,944.8,1.8
1SBP,1SBP,A,309,305,0.8242,59.7,3.4,1569.0,155.3,158,100,47,0.52,0.33,110.5,6.2,3.0,NONE,0,143,1569.0,1.7
1SHK,1SHK,A,158,154,0.8297,70.9,5.6,2733.9,241.0,91,45,18,0.59,0.29,116.1,7.4,1.4,NONE,0,61,2733.9,1.9
1STA,1STA,A,135,131,0.8631,37.9,1.2,1102.7,117.4,45,62,24,0.34,0.47,102.7,5.4,0.6,THP,25,128,1102.7,1.7
1SNQ,1SNQ,A,130,126,0.8047,21.4,1.9,323.7,49.3,42,64,20,0.33,0.51,55.7,5.4,0.5,NONE,0,63,323.7,1.7
1SPH,1SPH,A,87,83,0.7531,22.3,3.1,218.2,39.3,38,33,12,0.46,0.4,41.9,7.5,0.5,NONE,0,19,218.2,2.0
1STN,1STN,A,136,132,0.9231,96.6,1.6,3283.9,395.7,45,66,21,0.34,0.5,276.2,4.8,0.5,NONE,0,127,3283.9,1.7
1STP,1STP,A,121,117,0.7794,8.2,2.0,183.1,21.7,13,86,18,0.11,0.74,14.9,8.8,0.8,BTN,16,74,183.1,2.6
1ST3,1ST3,A,269,265,0.861,26.5,1.1,796.2,77.7,102,112,51,0.38,0.42,63.8,4.4,0.6,NONE,0,14,796.2,1.4
1SUG,1SUG,A,298,294,0.8731,66.8,2.0,2596.7,249.3,138,113,43,0.47,0.38,133.6,10.0,1.4,NONE,0,286,2596.7,1.95
1SWB,1SWB,A,120,116,0.7148,4.7,1.4,64.0,8.8,11,87,18,0.09,0.75,1.5,5.9,0.8,NONE,0,74,64.0,1.84
1SXA,1SXA,A,151,147,0.8501,6.0,0.6,200.7,21.1,20,89,38,0.14,0.61,5.0,8.3,1.0,NONE,0,94,200.7,1.9
1SUA,1SUA,A,263,259,0.8315,23.9,1.3,383.7,56.7,116,103,40,0.45,0.4,49.5,4.0,0.7,NONE,0,230,383.7,2.1
1SMD,1SMD,A,495,491,0.8806,22.4,1.0,836.5,75.2,158,230,103,0.32,0.47,61.8,4.8,1.4,PCA,8,327,836.5,1.6
1SWE,1SWE,A,117,113,0.7412,5.2,1.5,64.9,10.5,9,85,19,0.08,0.75,1.4,6.6,0.8,BTN,64,29,64.9,2.1
1SOS,1SOS,A,153,149,0.7929,4.2,0.8,59.2,9.7,22,89,38,0.15,0.6,4.0,5.7,1.0,ACE,30,146,59.2,2.5
1SXC,1SXC,A,151,147,0.8282,5.3,0.7,122.8,15.6,20,90,37,0.14,0.61,6.0,6.9,0.9,NONE,0,93,122.8,1.9
1T15,1T15,A,211,207,0.839,22.4,1.6,443.8,57.2,83,89,35,0.4,0.43,49.8,5.1,1.2,SEP,10,1670,443.8,1.85
1T3R,1T3R,A,99,95,0.6845,4.7,1.7,73.0,9.1,11,70,14,0.12,0.74,8.0,5.0,0.5,017,38,58,73.0,1.2
1T4E,1T4E,A,96,92,0.8126,24.4,1.3,388.4,57.9,50,28,14,0.54,0.3,43.7,1.9,0.3,DIZ,64,35,388.4,2.4
1T73,1T73,A,250,246,0.8157,107.0,16.0,5770.7,424.4,177,43,26,0.72,0.17,147.4,4.8,1.4,DHT,21,875,5770.7,2.2
1T09,1T09,A,414,410,0.8111,26.1,2.5,846.0,74.0,195,154,61,0.48,0.38,50.8,5.1,0.5,NAP,96,353,846.0,2.7
1SUP,1SUP,A,275,271,0.868,27.9,1.1,1238.4,100.4,108,114,49,0.4,0.42,65.3,4.3,0.5,PMS,10,229,1238.4,1.6
1T7T,1T7T,A,250,246,0.775,103.9,16.1,2177.2,245.5,178,43,25,0.72,0.17,142.8,2.4,1.2,DHT,21,749,2177.2,1.7
1TAG,1TAG,A,314,310,0.8344,71.1,5.3,4717.2,289.4,174,97,39,0.56,0.31,122.7,6.3,2.1,GDP,28,48,4717.2,1.8
1T2V,1T2V,A,208,204,0.8224,23.9,1.7,434.3,56.8,88,86,30,0.43,0.42,48.3,6.4,2.3,SEP,50,1666,434.3,3.303
1TCA,1TCA,A,317,313,0.9057,57.5,1.4,3985.1,278.7,143,118,52,0.46,0.38,121.1,5.4,0.8,NAG,28,284,3985.1,1.55
1TEN,1TEN,A,90,86,0.873,16.9,1.2,603.1,72.1,8,68,10,0.09,0.79,0.7,21.2,0.4,NONE,0,873,603.1,1.8
1TIT,1TIT,A,89,85,0.7317,2.7,0.9,61.1,7.1,5,66,14,0.06,0.78,1.5,3.4,0.2,NONE,0,84,61.1,
1TGN,1TGN,A,218,214,0.9042,12.1,0.6,966.0,69.6,41,129,44,0.19,0.6,44.2,5.8,0.8,NONE,0,170,966.0,1.65
1THV,1THV,A,207,203,0.7955,6.2,0.9,110.2,15.1,36,128,39,0.18,0.63,16.6,5.0,0.4,NONE,0,173,110.2,1.75
1SS8,1SS8,A,524,520,0.7916,39.9,5.8,1157.2,104.4,298,160,62,0.57,0.31,66.5,5.5,0.7,NONE,0,341,1157.2,2.7
1THW,1THW,A,207,203,0.8604,10.3,0.9,827.8,58.9,36,128,39,0.18,0.63,34.4,6.5,0.4,TLA,10,131,827.8,1.75
1TEA,1TEA,A,279,275,0.8357,59.7,1.9,1751.9,160.9,146,74,55,0.53,0.27,110.9,2.1,1.2,MSE,120,269,1751.9,1.65
1T7P,1T7P,A,662,658,0.8415,59.1,2.9,3768.8,210.2,359,214,85,0.55,0.33,106.0,3.7,0.8,DG3,30,666,3768.8,2.2
1TOP,1TOP,A,162,158,0.759,115.4,20.5,1687.3,247.2,112,24,22,0.71,0.15,162.4,1.0,0.9,NONE,0,43,1687.3,1.78
1TIM,1TIM,A,247,243,0.7786,20.4,1.8,440.1,44.2,115,77,51,0.47,0.32,35.8,10.7,0.4,NONE,0,51,440.1,2.5
1TLX,1TLX,A,316,312,0.8608,47.7,1.4,2145.0,162.6,138,103,71,0.44,0.33,103.4,4.4,2.1,LYS,10,239,2145.0,2.1
1TND,1TND,A,323,319,0.7697,23.2,3.2,768.2,57.3,170,105,44,0.53,0.33,40.3,4.3,2.4,GSP,96,246,768.2,2.2
1TPO,1TPO,A,220,216,0.8379,7.3,0.7,344.2,27.4,41,132,43,0.19,0.61,24.6,4.1,0.7,NONE,0,240,344.2,1.7
1TSR,1TSR,A,196,192,0.8596,12.3,1.1,574.3,49.9,38,123,31,0.2,0.64,34.6,8.3,0.6,NONE,0,281,574.3,2.2
1TML,1TML,A,286,282,0.836,43.0,1.4,981.2,108.2,131,97,54,0.46,0.34,88.6,4.8,0.9,NONE,0,16,981.2,1.8
1THG,1THG,A,543,539,0.8971,59.5,1.3,5349.3,278.3,224,213,102,0.42,0.4,136.5,6.5,1.0,NDG,14,302,5349.3,1.8
1TRY,1TRY,A,214,210,0.8253,7.1,0.8,217.4,22.4,40,128,42,0.19,0.61,19.2,5.4,0.9,ISP,7,167,217.4,1.55
1TTC,1TTC,A,127,123,0.8153,14.1,1.2,326.5,37.9,21,77,25,0.17,0.63,29.7,14.3,0.7,NONE,0,77,326.5,1.7
1TQN,1TQN,A,468,464,0.8726,45.7,3.1,5161.5,277.6,250,132,82,0.54,0.28,82.2,3.7,2.0,HEM,43,448,5161.5,2.0
1TRE,1TRE,A,255,251,0.8343,23.8,2.9,1659.9,112.6,132,81,38,0.53,0.32,42.3,4.3,1.2,NONE,0,191,1659.9,2.6
1UBQ,1UBQ,A,76,72,0.8801,41.1,1.3,921.5,141.5,19,41,12,0.26,0.57,137.5,8.4,0.5,NONE,0,28,921.5,1.8
1TRD,1TRD,A,249,245,0.755,15.1,2.5,313.2,32.4,119,87,39,0.49,0.36,27.6,4.4,0.7,PGH,10,183,313.2,2.5
1TTR,1TTR,A,116,112,0.764,13.8,2.6,209.5,29.0,20,77,15,0.18,0.69,16.4,15.7,0.3,NONE,0,15,209.5,1.9
1UBI,1UBI,A,76,72,0.8943,52.9,1.1,1495.6,193.5,22,41,9,0.31,0.57,155.5,9.4,0.4,NONE,0,30,1495.6,1.8
1U56,1U56,A,188,184,0.8294,75.1,5.9,1812.6,201.3,97,61,26,0.53,0.33,132.6,15.4,0.6,HEM,86,76,1812.6,1.9
1URR,1URR,A,97,93,0.8742,41.9,1.7,679.4,119.1,28,49,16,0.3,0.53,129.4,5.1,1.3,NONE,0,24,679.4,1.5
1U55,1U55,A,188,184,0.8059,73.6,4.7,1238.7,163.7,95,64,25,0.52,0.35,136.0,9.3,1.1,OXY,4,145,1238.7,1.77
1UTG,1UTG,A,70,66,0.7058,62.7,20.2,707.1,110.3,54,8,4,0.82,0.12,76.5,0.4,0.7,NONE,0,59,707.1,1.34
1UOL,1UOL,A,195,191,0.8198,10.1,1.2,251.3,28.3,37,120,34,0.19,0.63,22.2,8.9,0.8,NONE,0,231,251.3,1.9
1VII,1VII,A,36,32,0.8091,9.2,1.3,148.5,26.2,20,6,6,0.62,0.19,14.1,0.5,1.5,NONE,0,46,148.5,
1TNP,1TNP,A,90,86,0.7133,24.4,7.3,319.0,44.0,56,17,13,0.65,0.2,36.9,1.1,1.1,NONE,0,57,319.0,
1VFB,1VFB,A,107,103,0.7675,7.4,1.1,90.6,14.9,5,76,22,0.05,0.74,1.0,9.7,0.8,NONE,0,35,90.6,1.8
1US0,1US0,A,314,310,0.8827,50.0,1.1,1723.6,177.5,140,116,54,0.45,0.37,107.7,3.1,1.0,NDP,48,245,1723.6,0.66
1UZJ,1UZJ,A,162,158,0.8301,5.2,0.7,133.7,17.4,31,88,39,0.2,0.56,14.6,3.8,0.6,NONE,0,1587,133.7,2.25
1VLS,1VLS,A,146,142,0.6044,33.1,20.1,286.2,44.8,116,10,16,0.82,0.07,39.5,6.5,3.4,NONE,0,147,286.2,1.85
1URF,1URF,A,81,77,0.5822,174.4,105.1,857.6,201.9,65,5,7,0.84,0.06,204.8,22.7,0.6,NONE,0,137,857.6,
1W08,1W08,A,130,126,0.8649,16.7,0.9,465.4,53.4,61,32,33,0.48,0.25,32.9,1.2,1.6,NONE,0,112,465.4,2.5
1UWH,1UWH,A,264,260,0.8913,34.8,1.2,3542.5,224.1,115,98,47,0.44,0.38,75.0,3.8,0.9,BAX,64,560,3542.5,2.95
1UXM,1UXM,A,153,149,0.8247,4.6,0.6,147.6,15.3,23,93,33,0.15,0.62,8.1,5.0,1.0,NONE,0,133,147.6,1.9
1WAA,1WAA,A,92,88,0.7529,10.0,2.4,82.3,18.9,6,70,12,0.07,0.8,0.9,12.5,0.3,NONE,0,80,82.3,1.8
1UZF,1UZF,A,575,571,0.7898,67.9,7.9,1078.0,152.4,387,110,74,0.68,0.19,99.1,2.6,1.8,MCO,14,66,1078.0,2.0
1UW6,1UW6,A,208,204,0.8348,12.7,1.5,531.5,46.6,35,141,28,0.17,0.69,26.8,11.6,0.7,NCT,240,199,531.5,2.2
1TTF,1TTF,A,94,90,0.7471,3.7,0.8,88.3,10.1,9,65,16,0.1,0.72,0.3,4.9,0.5,NONE,0,89,88.3,
1WIT,1WIT,A,93,89,0.7109,3.8,1.2,33.7,6.6,6,61,22,0.07,0.69,6.2,4.7,0.6,NONE,0,68,33.7,
1WHI,1WHI,A,122,118,0.9065,10.9,0.5,403.0,48.5,23,73,22,0.19,0.62,46.1,3.0,0.4,NONE,0,113,403.0,1.5
1VPE,1VPE,A,398,394,0.8163,32.7,2.9,786.7,83.3,186,151,57,0.47,0.38,62.4,8.0,1.3,ANP,31,332,786.7,2.0
1W0F,1W0F,A,459,455,0.7206,10.5,2.3,134.6,18.3,241,125,89,0.53,0.27,17.4,3.2,2.1,STR,23,316,134.6,2.65
1YCR,1YCR,A,85,81,0.7494,22.4,1.8,210.4,38.7,46,24,11,0.57,0.3,38.1,2.3,0.4,NONE,0,61,210.4,2.6
1Y1D,1Y1D,A,115,111,0.8779,32.0,1.4,896.4,115.6,21,74,16,0.19,0.67,15.0,43.6,0.7,FHI,38,72,896.4,1.7
1VOM,1VOM,A,730,726,0.8353,43.8,2.4,2426.7,140.7,362,260,104,0.5,0.36,83.7,5.6,0.6,ADP,27,644,2426.7,1.9
1YEA,1YEA,A,111,107,0.8474,20.5,1.1,649.7,69.1,49,38,20,0.46,0.36,42.5,2.5,1.1,HEC,43,-7,649.7,1.9
1XEL,1XEL,A,338,334,0.8454,60.0,2.2,2571.3,191.3,156,133,45,0.47,0.4,124.4,4.6,0.5,NAD,44,112,2571.3,1.8
1YCC,1YCC,A,107,103,0.8139,22.7,1.2,262.3,49.4,50,40,13,0.49,0.39,44.2,3.1,0.4,HEC,43,6,262.3,1.23
1YER,1YER,A,207,203,0.8553,59.5,3.0,2255.3,197.2,91,77,35,0.45,0.38,124.9,8.6,1.6,NONE,0,53,2255.3,1.65
1XYZ,1XYZ,A,320,316,0.8186,61.4,1.8,1321.2,145.1,168,107,41,0.53,0.34,112.9,3.9,0.6,NONE,0,740,1321.2,1.4
1XYA,1XYA,A,386,382,0.8566,75.6,2.2,2521.0,238.5,212,116,54,0.55,0.3,134.5,2.6,1.0,OH,2,39,2521.0,1.81
1Y57,1Y57,A,452,448,0.8684,27.5,1.3,958.6,85.8,163,216,69,0.36,0.48,69.2,4.6,0.7,MPZ,36,366,958.6,1.9
1YES,1YES,A,213,209,0.8242,43.6,4.5,1007.7,122.6,95,85,29,0.45,0.41,79.4,17.6,2.6,NONE,0,30,1007.7,2.2
1YET,1YET,A,213,209,0.8629,70.9,4.8,2025.1,228.1,94,84,31,0.45,0.4,144.5,14.1,1.4,GDM,40,53,2025.1,1.9
1ZNI,1ZNI,A,21,17,0.7465,44.0,7.0,324.6,79.9,11,4,2,0.65,0.24,66.3,3.4,2.6,NONE,0,3,324.6,1.498
1XYB,1XYB,A,386,382,0.8714,73.1,1.8,2268.3,246.0,214,116,52,0.56,0.3,129.0,2.4,0.9,GLO,24,123,2268.3,1.96
1YPI,1YPI,A,247,243,0.7665,16.5,2.2,283.6,34.8,118,86,39,0.49,0.35,28.1,7.9,0.7,NONE,0,161,283.6,1.9
1YFP,1YFP,A,224,220,0.7047,7.9,2.3,109.9,13.8,34,155,31,0.15,0.7,5.1,9.9,1.0,CRO,38,17,109.9,2.5
256B,256B,A,106,102,0.755,221.1,55.6,2987.0,465.2,86,9,7,0.84,0.09,262.1,0.9,0.8,HEM,86,92,2987.0,1.4
1XOA,1XOA,A,108,104,0.8466,62.5,3.9,1524.9,180.7,48,45,11,0.46,0.43,118.8,17.6,0.4,NONE,0,44,1524.9,
1YTB,1YTB,A,180,176,0.878,59.9,2.1,1169.5,181.2,70,94,12,0.4,0.53,138.9,8.7,0.3,NONE,0,226,1169.5,1.8
256L,256L,A,164,160,0.811,104.3,6.6,2546.6,264.4,110,31,19,0.69,0.19,151.3,0.9,0.7,NONE,0,77,2546.6,1.8
2A4L,2A4L,A,286,282,0.8082,18.9,1.5,242.7,41.3,124,115,43,0.44,0.41,38.4,4.8,0.5,RRC,26,106,242.7,2.4
2AIT,2AIT,A,74,70,0.7579,3.2,0.6,38.8,6.8,3,45,22,0.04,0.64,0.7,4.7,0.4,NONE,0,23,38.8,
2AC0,2AC0,A,199,195,0.7622,7.2,1.0,94.6,14.3,38,122,35,0.19,0.63,12.1,7.5,0.7,NONE,0,205,94.6,1.8
2AAA,2AAA,A,476,472,0.8393,18.6,1.3,746.1,55.5,190,188,94,0.4,0.4,40.9,5.0,0.9,NONE,0,243,746.1,2.12
2ACQ,2ACQ,A,315,311,0.8582,33.7,1.2,802.1,93.1,143,114,54,0.46,0.37,70.9,2.5,0.9,NAP,48,90,802.1,1.76
2AQU,2AQU,A,99,95,0.6732,4.9,1.7,71.2,9.0,10,70,15,0.11,0.74,12.0,4.9,0.4,DR7,51,91,71.2,2.0
2AM9,2AM9,A,250,246,0.752,98.3,16.5,1598.3,199.3,175,43,28,0.71,0.17,137.3,2.5,1.9,TES,21,705,1598.3,1.64
2ACR,2ACR,A,315,311,0.8704,36.2,1.3,1658.9,130.7,143,112,56,0.46,0.36,76.4,2.5,1.1,NAP,48,142,1658.9,1.76
2ATK,2ATK,A,219,215,0.7029,3.9,1.4,63.0,7.8,22,157,36,0.1,0.73,1.3,5.0,0.8,F09,10,126,63.0,2.5
1Z1M,1Z1M,A,119,115,0.801,5.6,0.6,68.7,12.1,44,41,30,0.38,0.36,12.8,1.6,0.5,NONE,0,82,68.7,
1ZUM,1ZUM,A,469,465,0.8324,44.0,2.4,1811.6,131.4,216,193,56,0.46,0.42,89.6,5.5,0.8,GAI,32,92,1811.6,2.1
2ARC,2ARC,A,161,157,0.8987,56.9,2.7,1860.6,215.0,49,86,22,0.31,0.55,175.8,3.5,1.0,ARA,20,159,1860.6,1.5
2ACE,2ACE,A,527,523,0.8083,14.2,1.7,570.3,41.3,218,212,93,0.42,0.41,28.2,5.4,1.3,ACH,10,358,570.3,2.25
2AX6,2AX6,A,242,238,0.7902,134.1,16.9,2784.4,333.4,171,42,25,0.72,0.18,185.8,2.4,1.5,HFT,20,837,2784.4,1.5
2BBO,2BBO,A,254,250,0.8818,43.7,1.5,1554.8,163.6,108,103,39,0.43,0.41,91.6,9.4,1.7,ATP,31,587,1554.8,2.55
1XCK,1XCK,A,524,520,0.7861,56.4,6.0,2725.3,161.1,293,158,69,0.56,0.3,94.1,11.0,0.4,K,14,159,2725.3,2.92
2BSM,2BSM,A,209,205,0.838,43.2,4.3,1715.1,148.8,91,80,34,0.44,0.39,89.7,7.6,2.4,BSM,27,52,1715.1,2.05
2BIM,2BIM,A,195,191,0.9017,20.0,1.2,1140.1,98.4,40,119,32,0.21,0.62,56.9,12.8,0.7,NONE,0,282,1140.1,1.98
2BRC,2BRC,A,214,210,0.7934,45.5,6.0,812.1,100.5,97,83,30,0.46,0.4,89.9,8.9,3.2,CT5,26,39,812.1,1.6
2BBT,2BBT,A,249,245,0.7939,33.6,2.0,418.6,67.9,114,95,36,0.47,0.39,64.8,8.6,0.6,ATP,62,558,418.6,2.3
2BLR,2BLR,A,206,202,0.8102,6.9,0.8,142.5,18.2,35,126,41,0.17,0.62,21.5,4.9,0.4,TLA,10,173,142.5,1.4
2BTP,2BTP,A,248,244,0.6955,64.7,28.5,2722.2,186.3,201,25,18,0.82,0.1,78.2,2.2,0.8,SEP,20,21,2722.2,2.8
2A73,2A73,A,635,631,0.7605,6.7,1.4,328.0,18.1,78,449,104,0.12,0.71,10.8,7.3,1.0,BMA,11,617,328.0,3.3
2ABD,2ABD,A,86,82,0.7514,24.2,4.3,221.9,44.1,58,8,16,0.71,0.1,33.8,0.7,1.2,NONE,0,22,221.9,
2CAB,2CAB,A,256,252,0.8376,10.1,1.1,344.0,35.4,61,147,44,0.24,0.58,29.9,4.6,0.8,NONE,0,164,344.0,2.0
2CDV,2CDV,A,107,103,0.8412,10.6,0.8,174.4,26.9,38,44,21,0.37,0.43,25.5,2.3,0.8,HEC,172,85,174.4,1.8
2CCL,2CCL,A,149,145,0.7424,5.1,1.1,114.9,11.7,25,100,20,0.17,0.69,2.5,6.6,0.5,NONE,0,8,114.9,2.0
2CBA,2CBA,A,258,254,0.7509,6.4,1.2,86.7,12.6,53,153,48,0.21,0.6,14.6,5.2,1.1,NONE,0,225,86.7,1.54
2BTS,2BTS,A,274,270,0.8849,47.0,1.1,2023.8,174.3,125,112,33,0.46,0.41,96.7,5.1,0.7,U32,19,114,2023.8,2.0
2CA2,2CA2,A,256,252,0.7999,7.3,1.0,245.8,22.0,56,153,43,0.22,0.61,17.6,5.1,1.9,HG,1,225,245.8,1.9
2BZG,2BZG,A,226,222,0.8776,32.4,1.4,1387.4,121.9,80,101,41,0.36,0.45,78.8,8.1,1.6,SAH,26,95,1387.4,1.58
2CGP,2CGP,A,200,196,0.7934,42.5,4.3,671.5,91.5,89,84,23,0.45,0.43,89.0,4.7,0.6,CMP,44,141,671.5,2.2
2D4F,2D4F,A,98,94,0.7995,10.3,1.5,151.8,26.4,13,76,5,0.14,0.81,0.6,12.6,0.3,NONE,0,8,151.8,1.7
2C6E,2C6E,A,251,247,0.8531,49.9,1.5,2044.6,163.4,118,92,37,0.48,0.37,98.9,6.7,0.8,HPM,78,383,2044.6,2.1
2DWB,2DWB,A,259,255,0.8253,22.2,1.5,479.4,57.0,117,96,42,0.46,0.38,45.1,3.8,0.6,ANP,31,182,479.4,2.5
2CGA,2CGA,A,245,241,0.782,5.9,1.0,156.5,15.4,53,140,48,0.22,0.58,13.9,4.6,1.1,NONE,0,240,156.5,1.8
2DHB,2DHB,A,141,137,0.7032,10.1,3.9,277.3,26.0,97,12,28,0.71,0.09,13.4,1.3,2.5,HEM,86,132,277.3,2.8
2DRI,2DRI,A,271,267,0.8437,92.4,4.0,3174.6,307.3,136,98,33,0.51,0.37,175.7,7.7,0.9,RIP,20,110,3174.6,1.6
2HPR,2HPR,A,86,82,0.7487,21.4,2.6,216.6,38.6,36,31,15,0.44,0.38,42.9,6.5,0.7,CSO,7,23,216.6,2.0
2HBS,2HBS,A,141,137,0.7654,140.6,44.5,5133.4,460.4,112,13,12,0.82,0.09,171.6,0.7,2.1,HEM,344,61,5133.4,2.05
2GST,2GST,A,217,213,0.8306,54.1,4.2,1876.9,170.8,129,55,29,0.61,0.26,86.4,4.6,3.9,GPS,70,95,1876.9,1.8
2CMD,2CMD,A,312,308,0.777,35.7,3.4,446.0,69.7,159,107,42,0.52,0.35,61.7,10.9,0.7,NONE,0,20,446.0,1.87
2FWZ,2FWZ,A,208,204,0.8413,54.1,4.8,1433.2,154.6,94,75,35,0.46,0.37,106.4,12.4,2.6,H71,28,46,1433.2,2.1
2F4J,2F4J,A,287,283,0.8476,45.7,1.4,1081.8,120.4,129,107,47,0.46,0.38,95.2,5.8,0.7,VX6,33,346,1081.8,1.9
2HHB,2HHB,A,141,137,0.7003,83.2,29.9,1075.9,143.7,110,12,15,0.8,0.09,103.3,0.7,1.9,HEM,172,9,1075.9,1.74
2GS7,2GS7,A,281,277,0.8429,18.2,1.2,495.1,53.0,116,109,52,0.42,0.39,39.2,4.0,1.1,ANP,62,836,495.1,2.6
2GQG,2GQG,A,277,273,0.8579,28.1,1.2,1029.6,86.8,118,107,48,0.43,0.39,61.8,3.2,0.7,1N1,66,468,1029.6,2.4
2HT8,2HT8,A,382,378,0.7467,3.7,0.8,84.0,8.1,33,259,86,0.09,0.69,2.7,4.9,0.7,G39,20,300,84.0,2.4
2H67,2H67,A,21,17,0.6807,8.4,4.3,59.4,14.1,11,3,3,0.65,0.18,10.7,4.1,4.1,NONE,0,15,59.4,
2IEN,2IEN,A,99,95,0.7148,5.7,1.8,138.1,15.2,10,71,14,0.11,0.75,5.7,6.8,0.5,017,38,47,138.1,1.3
2IFB,2IFB,A,131,127,0.8101,24.8,2.4,422.4,57.0,21,85,21,0.17,0.67,71.7,19.2,0.5,PLM,18,17,422.4,2.0
2IHL,2IHL,A,129,125,0.8763,37.6,1.0,1277.7,136.0,56,37,32,0.45,0.3,80.4,1.3,4.8,NONE,0,91,1277.7,1.4
2HTQ,2HTQ,A,382,378,0.7696,3.6,0.8,119.4,10.4,33,253,92,0.09,0.67,4.7,4.6,0.6,ZMR,23,376,119.4,2.2
2HYY,2HYY,A,263,259,0.829,20.4,1.2,632.7,57.0,110,103,46,0.42,0.4,44.3,3.5,1.1,STI,148,289,632.7,2.4
2ITN,2ITN,A,304,300,0.868,28.7,1.3,831.5,93.3,126,120,54,0.42,0.4,61.4,6.9,0.7,ANP,31,821,831.5,2.47
2ITZ,2ITZ,A,303,299,0.8577,21.5,1.2,904.8,70.5,125,118,56,0.42,0.39,48.0,3.2,0.7,IRE,31,763,904.8,2.8
2HAV,2HAV,A,676,672,0.8551,14.5,0.9,477.6,44.2,280,237,155,0.42,0.35,30.3,4.6,1.0,NONE,0,325,477.6,2.7
2ITO,2ITO,A,303,299,0.8035,12.2,1.2,227.9,28.1,117,114,68,0.39,0.38,25.6,4.3,2.6,IRE,31,966,227.9,3.25
2J1Y,2J1Y,A,192,188,0.8065,10.4,1.1,267.9,28.5,40,119,29,0.21,0.63,23.8,8.4,0.6,NONE,0,281,267.9,1.69
2J20,2J20,A,195,191,0.8643,13.8,1.1,466.0,50.7,37,120,34,0.19,0.63,39.8,9.4,0.7,NONE,0,283,466.0,1.8
2J1X,2J1X,A,195,191,0.858,14.1,1.0,475.2,49.6,39,120,32,0.2,0.63,47.0,7.0,0.7,NONE,0,283,475.2,1.65
2J1Z,2J1Z,A,195,191,0.8491,13.7,1.1,304.0,42.4,39,120,32,0.2,0.63,34.7,10.4,0.8,NONE,0,283,304.0,1.8
2ITV,2ITV,A,303,299,0.8357,19.7,1.4,388.8,52.4,125,120,54,0.42,0.4,43.0,4.0,0.8,ANP,31,905,388.8,2.47
2J21,2J21,A,188,184,0.8353,11.3,1.1,436.4,40.9,36,119,29,0.2,0.65,18.0,11.9,0.8,NONE,0,254,436.4,1.6
2LHB,2LHB,A,149,145,0.7438,66.4,16.6,1259.7,143.0,114,20,11,0.79,0.14,84.1,2.1,0.7,CYN,2,70,1259.7,2.0
2LYZ,2LYZ,A,129,125,0.7837,9.9,0.9,114.9,20.1,58,32,35,0.46,0.26,20.2,1.4,0.7,NONE,0,26,114.9,2.0
2JFA,2JFA,A,221,217,0.7563,96.4,24.6,2358.2,235.1,162,33,22,0.75,0.15,128.1,3.3,2.6,RAL,68,428,2358.2,2.55
2LZM,2LZM,A,164,160,0.7703,61.5,6.3,1025.9,141.9,112,30,18,0.7,0.19,87.5,1.0,0.7,NONE,0,70,1025.9,1.7
2JDI,2JDI,A,487,483,0.8304,38.1,2.1,1061.9,95.5,225,184,74,0.47,0.38,77.0,5.4,0.8,ANP,155,180,1061.9,1.9
2LIV,2LIV,A,344,340,0.8294,26.3,2.9,1626.9,102.2,165,116,59,0.49,0.34,49.7,5.6,1.2,NONE,0,157,1626.9,2.4
2MSB,2MSB,A,112,108,0.8725,23.9,1.1,374.1,66.3,28,59,21,0.26,0.55,84.5,3.7,0.3,BMA,11,125,374.1,1.7
2MHR,2MHR,A,118,114,0.7205,101.4,36.0,1072.2,176.7,83,22,9,0.73,0.19,137.8,5.3,1.2,AZI,3,78,1072.2,1.3
2O4P,2O4P,A,99,95,0.661,4.6,1.6,54.8,7.5,11,70,14,0.12,0.74,6.8,5.1,0.6,TPV,42,58,54.8,1.8
2HTY,2HTY,A,380,376,0.8155,6.2,0.8,286.7,20.2,34,265,77,0.09,0.7,4.9,8.0,0.5,NDG,105,444,286.7,2.5
2JIT,2JIT,A,299,295,0.8545,17.5,1.2,732.2,62.0,120,112,63,0.41,0.38,39.6,3.1,1.0,NONE,0,826,732.2,3.1
2OCT,2OCT,A,97,93,0.8705,29.1,2.0,782.4,102.6,21,59,13,0.23,0.63,107.6,7.4,0.7,NONE,0,16,782.4,1.4
2ONQ,2ONQ,A,56,52,0.8634,69.4,4.4,1050.7,194.0,19,28,5,0.37,0.54,179.1,7.2,0.6,NONE,0,33,1050.7,1.7
2ON8,2ON8,A,56,52,0.8777,74.4,3.7,1771.8,254.6,19,28,5,0.37,0.54,192.7,7.3,0.7,NONE,0,34,1771.8,1.34
2O09,2O09,A,182,178,0.7771,76.3,9.9,1522.8,171.6,104,50,24,0.58,0.28,124.4,12.5,0.6,HEM,86,21,1522.8,2.1
2O0G,2O0G,A,182,178,0.7496,52.7,7.2,790.0,103.1,104,50,24,0.58,0.28,85.1,10.6,0.4,CMO,4,73,790.0,2.5
2MNR,2MNR,A,357,353,0.8373,42.2,2.3,975.7,108.6,168,131,54,0.48,0.37,85.9,3.4,0.5,NONE,0,232,975.7,1.9
2OCJ,2OCJ,A,194,190,0.804,9.1,1.1,307.7,26.9,39,121,30,0.21,0.64,13.6,9.7,0.6,NONE,0,254,307.7,2.05
2PCX,2PCX,A,205,201,0.8554,14.1,1.0,428.8,44.8,41,124,36,0.2,0.62,34.8,11.2,0.8,NONE,0,254,428.8,1.54
2QMP,2QMP,A,99,95,0.6446,3.9,1.4,60.0,7.0,11,70,14,0.12,0.74,4.2,4.6,0.5,A00,44,58,60.0,1.8
2OMF,2OMF,A,340,336,0.7452,8.4,1.4,129.7,16.1,42,232,62,0.12,0.69,6.6,10.8,0.8,C8E,72,191,129.7,2.4
2PTH,2PTH,A,193,189,0.8422,59.5,2.5,1259.0,157.2,87,66,36,0.46,0.35,124.3,6.0,1.0,NONE,0,75,1259.0,1.2
2NT1,2NT1,A,497,493,0.8459,17.3,1.3,484.8,50.3,171,247,75,0.35,0.5,41.5,5.7,0.6,NAG,56,90,484.8,2.3
2NT0,2NT0,A,497,493,0.8733,28.3,1.3,1927.3,110.7,168,249,76,0.34,0.51,73.8,5.8,1.4,NAG,70,209,1927.3,1.8
2PTN,2PTN,A,220,216,0.8836,11.0,0.8,633.9,52.1,44,132,40,0.2,0.61,39.6,4.7,0.7,NONE,0,240,633.9,1.55
2QCI,2QCI,A,99,95,0.705,5.4,1.8,83.9,11.8,10,71,14,0.11,0.75,10.6,5.7,0.5,065,40,47,83.9,1.2
2QD8,2QD8,A,99,95,0.6691,4.9,1.8,70.3,9.1,10,71,14,0.11,0.75,6.5,5.5,0.5,065,40,47,70.3,1.35
2RN2,2RN2,A,155,151,0.8635,70.9,5.5,3321.5,291.6,64,71,16,0.42,0.47,154.6,11.3,0.4,NONE,0,131,3321.5,1.48
2RHE,2RHE,A,114,110,0.8767,13.0,1.0,792.8,75.6,14,79,17,0.13,0.72,3.1,17.4,0.3,NONE,0,65,792.8,1.6
2JJ2,2JJ2,A,487,483,0.7815,25.4,2.9,468.7,53.0,230,181,72,0.48,0.37,48.8,5.5,1.1,ANP,248,495,468.7,2.4
2ROX,2ROX,A,118,114,0.7702,10.9,1.7,241.1,26.7,20,78,16,0.18,0.68,18.1,11.2,0.4,T44,48,72,241.1,2.0
2SNS,2SNS,A,141,137,0.7439,4.1,0.8,46.8,7.7,36,58,43,0.26,0.42,9.7,2.7,1.2,THP,25,127,46.8,1.5
2TN4,2TN4,A,155,151,0.7213,47.8,10.7,645.1,84.9,106,26,19,0.7,0.17,67.6,1.3,0.5,NONE,0,73,645.1,2.0
2TRX,2TRX,A,108,104,0.8568,50.2,2.6,895.7,136.0,44,44,16,0.42,0.42,108.7,9.4,1.8,NONE,0,44,895.7,1.68
2ST1,2ST1,A,275,271,0.8851,39.3,1.2,2214.7,158.8,101,115,55,0.37,0.42,100.1,4.4,0.6,NONE,0,246,2214.7,1.8
2SRC,2SRC,A,449,445,0.8796,24.8,0.9,987.1,91.1,157,205,83,0.35,0.46,57.0,10.0,0.5,ANP,31,200,987.1,1.8
2VB1,2VB1,A,129,125,0.8496,49.4,0.8,653.0,117.0,58,32,35,0.46,0.26,105.2,1.5,0.6,NO3,36,81,653.0,0.65
2VCI,2VCI,A,209,205,0.7587,17.0,4.0,403.0,40.6,91,77,37,0.44,0.38,31.6,6.9,2.2,2GJ,34,103,403.0,2.0
2VR6,2VR6,A,153,149,0.7968,4.1,0.7,160.5,14.1,20,94,35,0.13,0.63,4.1,5.2,0.8,NONE,0,146,160.5,1.3
2VHK,2VHK,A,206,202,0.8151,6.9,0.8,191.2,19.1,33,126,43,0.16,0.62,23.1,4.9,0.4,TLA,20,131,191.2,0.94
2WD3,2WD3,A,257,253,0.7703,6.4,0.8,94.3,13.8,59,149,45,0.23,0.59,15.5,4.4,1.1,MS4,48,131,94.3,1.8
2VUK,2VUK,A,195,191,0.8572,15.1,1.2,465.9,48.9,38,120,33,0.2,0.63,48.8,8.4,0.8,P83,18,283,465.9,1.5
2WI6,2WI6,A,209,205,0.7978,19.3,2.6,449.4,51.0,86,76,43,0.42,0.37,35.4,8.2,6.4,ZZ6,23,52,449.4,2.18
2WI2,2WI2,A,209,205,0.8541,46.2,4.1,2887.1,213.2,91,81,33,0.44,0.4,94.2,10.4,2.1,ZZ3,20,204,2887.1,2.09
2YXF,2YXF,A,99,95,0.7927,11.7,1.4,198.7,28.2,12,77,6,0.13,0.81,0.7,14.3,0.3,NONE,0,81,198.7,1.13
2WSO,2WSO,A,224,220,0.778,12.3,2.3,402.4,34.2,30,155,35,0.14,0.7,7.2,15.9,0.9,CRF,24,15,402.4,1.15
3B0S,3B0S,A,18,14,0.0418,1.9,1.9,2.2,0.1,0,7,7,0.0,0.5,,1.9,1.9,HYP,436,13,2.2,1.45
2RD0,2RD0,A,997,993,0.7978,12.2,1.5,548.2,33.4,421,371,201,0.42,0.37,25.6,2.9,1.2,NONE,0,619,548.2,3.05
3ADK,3ADK,A,194,190,0.7505,26.6,7.5,431.5,59.9,118,47,25,0.62,0.25,40.6,5.2,1.2,ACE,3,75,431.5,2.1
3AIT,3AIT,A,74,70,0.78,3.3,0.6,69.5,9.3,9,48,13,0.13,0.69,0.6,4.6,0.3,NONE,0,8,69.5,
3BDC,3BDC,A,129,125,0.8354,29.9,1.1,505.1,76.2,46,60,19,0.37,0.48,75.6,4.1,0.5,THP,25,103,505.1,1.8
3C9J,3C9J,A,25,21,0.5081,16.6,12.9,46.8,15.1,17,0,4,0.81,0.0,20.1,,1.8,308,11,5,46.8,3.5
2YPI,2YPI,A,247,243,0.7365,6.9,1.8,135.8,14.9,113,84,46,0.47,0.35,12.2,2.4,2.2,PGA,18,184,135.8,2.5
2YCW,2YCW,A,297,293,0.6477,28.5,13.7,396.4,44.7,239,27,27,0.82,0.09,34.5,0.8,2.7,2CV,98,63,396.4,3.0
2Y02,2Y02,A,286,282,0.6597,59.9,27.1,565.4,86.9,238,20,24,0.84,0.07,70.4,0.7,4.5,2CV,189,136,565.4,2.6
3CHY,3CHY,A,128,124,0.8114,91.7,4.2,1827.3,222.8,65,45,14,0.52,0.36,170.6,6.1,0.8,NONE,0,119,1827.3,1.66
3BWM,3BWM,A,214,210,0.8308,53.4,2.8,1102.0,134.5,106,73,31,0.5,0.35,95.0,15.4,1.0,SAM,27,25,1102.0,1.97
3D05,3D05,A,183,179,0.8397,14.8,1.7,981.3,74.7,38,111,30,0.21,0.62,42.0,9.3,0.5,NONE,0,283,981.3,1.7
3D06,3D06,A,179,175,0.8345,14.4,1.7,449.8,45.7,35,113,27,0.2,0.65,40.6,9.7,0.6,NONE,0,283,449.8,1.2
3D2T,3D2T,A,115,111,0.809,15.8,1.8,460.3,47.6,21,76,14,0.19,0.68,19.2,17.7,0.7,1FL,36,72,460.3,1.85
3CNA,3CNA,A,237,233,0.811,5.8,1.0,209.1,19.5,27,155,51,0.12,0.67,1.1,8.4,0.6,NONE,0,51,209.1,2.4
3BWY,3BWY,A,214,210,0.8324,57.0,2.5,1504.1,158.3,103,74,33,0.49,0.35,108.0,10.6,1.6,SAM,27,97,1504.1,1.3
3EQI,3EQI,A,315,307,0.8708,58.9,1.9,2771.9,216.7,159,110,38,0.52,0.36,110.6,4.4,0.4,ADP,27,171,2771.9,1.9
3DFR,3DFR,A,162,158,0.7926,12.0,1.3,243.4,28.4,46,90,22,0.29,0.57,20.8,10.3,0.5,NDP,48,129,243.4,1.7
3DCY,3DCY,A,238,234,0.8841,54.2,1.8,2185.5,202.6,90,99,45,0.38,0.42,132.7,7.1,1.1,MSE,72,136,2185.5,1.748
3ERT,3ERT,A,247,243,0.8158,126.9,16.8,5040.8,388.4,170,45,28,0.7,0.19,180.5,1.9,2.1,OHT,29,386,5040.8,1.9
2V7Q,2V7Q,A,487,483,0.8462,41.6,2.3,2714.8,179.6,229,180,74,0.47,0.37,81.7,7.0,1.7,ATP,93,493,2714.8,2.1
3E6R,3E6R,A,159,155,0.6706,102.9,53.0,1024.0,173.1,128,17,10,0.83,0.11,123.5,6.5,3.5,NONE,0,28,1024.0,2.4
3EST,3EST,A,229,225,0.7613,4.3,1.0,75.9,10.2,38,137,50,0.17,0.61,9.9,3.9,1.1,NONE,0,166,75.9,1.65
3F8E,3F8E,A,256,252,0.8196,8.0,0.9,232.3,24.4,59,150,43,0.23,0.6,22.2,4.5,0.7,TE1,20,221,232.3,2.0
3GTV,3GTV,A,153,149,0.7726,3.5,0.6,90.1,8.9,22,93,34,0.15,0.62,1.8,4.8,0.9,NONE,0,146,90.1,2.198
3GQF,3GQF,A,153,149,0.8022,4.3,0.6,95.1,11.0,21,92,36,0.14,0.62,6.5,4.9,1.5,NONE,0,133,95.1,2.2
3GZO,3GZO,A,153,149,0.8404,5.1,0.7,208.9,19.6,21,90,38,0.14,0.6,6.4,6.6,1.0,ACE,30,146,208.9,2.1
3FB7,3FB7,A,219,215,0.6996,4.0,1.3,84.5,8.5,21,161,33,0.1,0.75,1.3,5.1,0.5,RB,4,82,84.5,3.3
3GXN,3GXN,A,390,386,0.8185,13.2,1.2,405.5,35.4,150,168,68,0.39,0.44,28.8,4.3,0.6,NAG,56,316,405.5,3.01
3HG2,3HG2,A,390,386,0.9429,92.9,1.4,19614.9,1004.8,159,167,60,0.41,0.43,219.7,5.2,0.9,BMA,22,71,19614.9,2.3
3ICB,3ICB,A,75,71,0.8094,57.4,5.8,848.2,136.9,49,14,8,0.69,0.2,82.5,1.1,2.1,NONE,0,31,848.2,2.3
3IL8,3IL8,A,68,64,0.8507,35.1,1.1,572.0,97.4,25,33,6,0.39,0.52,80.2,7.3,0.5,NONE,0,63,572.0,2.0
3HHR,3HHR,A,185,177,0.7355,43.2,15.2,1135.9,109.6,125,33,19,0.71,0.19,60.4,2.7,1.0,NONE,0,177,1135.9,2.8
3GXT,3GXT,A,390,386,0.8396,13.5,1.5,904.5,56.1,153,170,63,0.4,0.44,29.3,4.1,0.7,NOJ,22,192,904.5,2.7
3HS4,3HS4,A,257,253,0.777,6.8,1.0,111.6,15.1,53,151,49,0.21,0.6,17.5,4.8,1.1,AZM,39,17,111.6,1.1
3INS,3INS,A,21,17,0.6301,29.9,14.9,157.3,39.4,12,4,1,0.71,0.24,40.8,4.2,0.6,NONE,0,15,157.3,
3K0M,3K0M,A,164,160,0.878,12.8,0.7,233.3,37.6,39,81,40,0.24,0.51,42.7,4.4,0.4,NONE,0,140,233.3,1.25
3IEO,3IEO,A,256,252,0.7524,5.1,1.0,95.5,10.7,52,149,51,0.21,0.59,9.1,5.0,1.3,AMJ,18,46,95.5,2.0
3KZ5,3KZ5,A,47,43,0.8745,172.1,9.7,2861.5,530.5,17,21,5,0.4,0.49,421.0,11.3,0.8,NONE,0,309,2861.5,1.58
3IK3,3IK3,A,280,276,0.8391,53.6,1.8,1421.3,146.6,126,104,46,0.46,0.38,112.9,4.9,1.4,0LI,78,489,1421.3,1.9
3LBW,3LBW,A,22,18,0.3584,220.2,188.0,563.5,141.5,18,0,0,1.0,0.0,220.2,,,Z82,36,37,563.5,1.65
3KGT,3KGT,A,116,112,0.8213,17.8,1.5,596.3,59.6,20,76,16,0.18,0.68,22.7,20.1,0.7,GEN,40,15,596.3,1.95
3K0N,3K0N,A,163,159,0.9349,24.7,0.7,2326.2,185.2,39,80,40,0.25,0.5,93.4,3.4,0.4,NONE,0,141,2326.2,1.39
3INM,3INM,A,407,403,0.7893,41.1,5.3,787.8,93.7,210,148,45,0.52,0.37,72.5,8.8,0.9,NDP,144,400,787.8,2.1
3KZ3,3KZ3,A,80,76,0.7517,79.4,8.2,1011.6,154.1,55,12,9,0.72,0.16,109.3,1.1,0.6,NONE,0,66,1011.6,1.64
3IQJ,3IQJ,A,235,231,0.8017,240.1,55.6,5461.1,701.0,186,21,24,0.81,0.09,297.5,4.2,1.8,SEP,10,123,5461.1,1.15
3LZM,3LZM,A,164,160,0.75,77.5,9.7,1074.2,149.3,111,31,18,0.69,0.19,111.3,1.0,1.1,NONE,0,128,1074.2,1.7
3NU3,3NU3,A,99,95,0.7132,4.7,1.3,98.6,11.7,10,71,14,0.11,0.75,13.5,4.3,0.5,478,35,91,98.6,1.02
3KIN,3KIN,A,238,234,0.7168,8.6,2.5,140.5,18.0,79,120,35,0.34,0.51,16.0,6.1,0.6,ADP,54,71,140.5,3.0
3MBP,3MBP,A,370,366,0.894,72.0,2.7,5851.3,387.6,195,125,46,0.53,0.34,131.9,4.9,0.8,GLC,34,69,5851.3,1.7
3NU4,3NU4,A,99,95,0.6639,4.0,1.4,50.1,7.1,10,70,15,0.11,0.74,7.7,4.3,0.5,478,35,58,50.1,1.2
3OG7,3OG7,A,247,243,0.8239,28.8,2.0,523.0,68.3,116,93,34,0.48,0.38,58.1,2.5,0.9,032,33,560,523.0,2.45
3OXZ,3OXZ,A,268,264,0.8457,50.6,1.8,2095.2,161.0,123,96,45,0.47,0.36,103.6,5.8,1.1,0LI,39,286,2095.2,2.2
3HIZ,3HIZ,A,1024,1020,0.8322,15.3,1.4,1273.0,58.7,427,376,217,0.42,0.37,32.5,3.7,1.4,NONE,0,1039,1273.0,3.3
3PGK,3PGK,A,415,411,0.8777,102.9,0.9,4878.7,363.5,160,126,125,0.39,0.31,228.1,45.6,0.5,ATP,31,149,4878.7,2.5
3PHV,3PHV,A,99,95,0.6421,2.9,1.3,33.8,4.7,10,65,20,0.11,0.68,3.1,3.7,0.5,NONE,0,76,33.8,2.7
3MY5,3MY5,A,296,292,0.876,38.7,1.2,1604.8,132.6,126,121,45,0.43,0.41,85.3,4.4,0.6,RFZ,40,211,1604.8,2.1
3NRZ,3NRZ,A,164,160,0.8441,27.3,1.2,577.3,71.5,76,56,28,0.47,0.35,52.9,6.0,0.5,FAD,106,28,577.3,1.8
3QQD,3QQD,A,122,118,0.7814,4.9,0.8,82.7,11.2,15,82,21,0.13,0.69,1.7,6.4,1.0,OCS,9,146,82.7,1.65
3NYA,3NYA,A,439,435,0.6978,41.0,15.3,521.4,69.0,337,60,38,0.77,0.14,52.5,0.9,2.0,CLR,56,128,521.4,3.16
3NY8,3NY8,A,439,435,0.7607,45.5,15.1,1758.2,127.9,335,60,40,0.77,0.14,58.8,0.8,1.4,CLR,56,44,1758.2,2.84
3QJB,3QJB,A,141,137,0.737,135.3,52.1,3321.1,327.7,110,14,13,0.8,0.1,168.1,0.8,2.8,CMO,4,66,3321.1,1.8
3RN3,3RN3,A,124,120,0.8545,17.8,1.7,332.1,51.2,34,68,18,0.28,0.57,54.2,3.9,1.2,NONE,0,8,332.1,1.45
3PTN,3PTN,A,220,216,0.903,13.5,0.7,1037.5,76.7,43,132,41,0.2,0.61,49.3,5.8,0.6,NONE,0,237,1037.5,1.7
3PSG,3PSG,A,321,317,0.8849,15.3,1.2,655.5,62.3,64,190,63,0.2,0.6,54.5,6.9,0.6,NONE,0,112,655.5,1.65
3RLP,3RLP,A,217,213,0.8364,51.2,4.5,1301.0,141.8,94,87,32,0.44,0.41,104.6,11.6,1.9,3RP,36,101,1301.0,1.7
3QDD,3QDD,A,209,205,0.8358,67.7,6.0,1430.7,177.8,97,77,31,0.47,0.38,133.2,11.7,1.8,94M,22,32,1430.7,1.79
3RRQ,3RRQ,A,108,104,0.7333,7.2,1.4,95.2,14.0,11,81,12,0.11,0.78,0.8,9.0,0.8,NONE,0,54,95.2,2.1
3PJR,3PJR,A,646,642,0.7929,14.2,2.0,507.6,37.6,344,173,125,0.54,0.27,23.5,5.0,1.1,ATP,31,95,507.6,3.3
3Q05,3Q05,A,234,230,0.7886,12.5,2.2,264.5,29.9,63,128,39,0.27,0.56,23.8,10.4,1.0,NONE,0,254,264.5,2.4
3RVY,3RVY,A,221,217,0.6623,30.4,12.8,397.5,48.2,178,11,28,0.82,0.05,36.6,0.4,3.1,PX4,95,1186,397.5,2.7
3RSO,3RSO,A,166,162,0.8263,42.6,3.1,877.7,114.7,67,72,23,0.41,0.44,93.8,8.5,0.5,GNP,32,97,877.7,1.6
3TCT,3TCT,A,115,110,0.8371,19.7,2.0,699.3,70.7,18,76,16,0.16,0.69,24.6,22.6,0.3,3MI,40,15,699.3,1.3
3RUK,3RUK,A,464,460,0.729,19.4,3.8,334.5,34.8,258,137,65,0.56,0.3,32.6,3.1,1.0,AER,104,242,334.5,2.6
3TUH,3TUH,A,209,205,0.9029,116.9,4.7,5800.8,557.3,94,77,34,0.46,0.38,245.8,10.4,1.7,TUH,54,53,5800.8,1.74
4ABQ,4ABQ,A,115,111,0.9088,29.6,1.6,1947.9,187.3,17,78,16,0.15,0.7,9.3,40.0,0.7,4V2,26,72,1947.9,1.7
4A2B,4A2B,A,386,382,0.8096,40.5,3.6,870.0,101.7,161,175,46,0.42,0.46,84.4,10.6,0.6,AGS,31,114,870.0,1.8
2WIN,2WIN,A,638,634,0.7308,5.8,1.6,155.0,13.0,79,451,104,0.12,0.71,14.0,5.5,0.9,BMA,231,579,155.0,3.9
3SWZ,3SWZ,A,471,467,0.7907,27.2,2.9,606.2,60.9,262,139,66,0.56,0.3,44.3,7.3,1.3,TOK,116,446,606.2,2.4
4AGL,4AGL,A,195,191,0.8211,10.7,1.1,231.7,29.4,39,120,32,0.2,0.63,22.1,9.6,0.8,P84,26,281,231.7,1.7
3ZME,3ZME,A,195,191,0.8849,19.1,1.1,1021.3,83.4,38,120,33,0.2,0.63,63.2,10.1,0.9,QC5,44,283,1021.3,1.35
4AGM,4AGM,A,197,193,0.8578,14.6,1.1,519.1,53.0,42,120,31,0.22,0.62,40.5,9.1,0.7,P86,42,283,519.1,1.52
4AGO,4AGO,A,196,192,0.8626,14.0,1.1,874.8,66.7,41,120,31,0.21,0.62,43.0,7.5,0.8,P74,62,281,874.8,1.45
4AGN,4AGN,A,197,193,0.8557,15.1,1.2,341.3,46.4,43,120,30,0.22,0.62,41.4,9.2,0.7,NXG,48,281,341.3,1.6
4AGP,4AGP,A,196,192,0.8677,15.7,1.0,512.5,53.4,40,120,32,0.21,0.62,47.2,9.1,0.8,P51,60,282,512.5,1.5
3TT1,3TT1,A,498,494,0.7314,66.2,21.9,1528.7,140.9,393,49,52,0.8,0.1,82.9,0.9,1.1,SOG,64,173,1528.7,3.099
4B4Y,4B4Y,A,149,145,0.7208,55.4,20.2,542.9,96.7,120,18,7,0.83,0.12,66.8,0.6,1.1,OXY,2,61,542.9,2.3
4AZU,4AZU,A,128,124,0.8434,14.8,1.5,453.1,50.1,32,73,19,0.26,0.59,33.0,10.6,0.4,NO3,4,58,453.1,1.9
3TT3,3TT3,A,501,497,0.8118,153.1,21.8,5573.7,534.4,391,59,47,0.79,0.12,194.2,1.5,1.8,SOG,8,205,5573.7,3.22
3ZDX,3ZDX,A,457,453,0.8115,6.0,0.7,156.4,16.0,69,279,105,0.15,0.62,7.8,7.6,0.5,BMA,39,293,156.4,2.45
4AKE,4AKE,A,214,210,0.8624,52.4,3.6,1705.1,175.4,116,67,27,0.55,0.32,91.7,4.9,1.3,NONE,0,94,1705.1,2.2
4AGQ,4AGQ,A,195,191,0.858,13.4,1.0,375.1,45.4,40,120,31,0.21,0.63,36.6,8.9,0.8,P96,60,282,375.1,1.42
3SUP,3SUP,A,903,899,0.8073,41.2,3.4,1076.4,97.0,435,355,109,0.48,0.39,80.3,5.6,1.2,DCP,28,880,1076.4,2.32
4D7B,4D7B,A,116,112,0.8042,18.6,2.2,446.8,50.1,19,77,16,0.17,0.69,28.9,19.8,0.4,TCW,40,72,446.8,1.15
4HG7,4HG7,A,91,87,0.8698,94.2,1.4,3834.6,414.9,50,25,12,0.57,0.29,162.8,2.1,0.3,NUT,40,58,3834.6,1.6
4FVR,4FVR,A,274,270,0.857,46.4,1.8,1309.7,140.9,125,111,34,0.46,0.41,86.5,15.2,0.7,ATP,31,636,1309.7,1.75
4EPR,4EPR,A,166,162,0.8382,38.3,2.9,789.2,100.4,69,69,24,0.43,0.43,84.3,5.6,0.4,GDP,28,89,789.2,2.0
4CPA,4CPA,A,307,303,0.7815,15.1,1.5,606.0,42.4,137,110,56,0.45,0.36,28.4,5.5,1.1,GLY,10,22,606.0,2.5
4HHB,4HHB,A,141,137,0.698,26.3,8.7,400.2,48.4,104,12,21,0.76,0.09,33.4,0.9,5.2,HEM,172,38,400.2,1.74
4FVQ,4FVQ,A,274,270,0.8813,59.8,1.9,1760.4,198.5,120,110,40,0.44,0.41,127.2,7.6,0.9,ATP,31,782,1760.4,1.75
4HVP,4HVP,A,97,93,0.7289,6.0,1.9,169.2,18.1,12,67,14,0.13,0.72,20.7,4.6,0.4,2NC,54,91,169.2,2.3
4HIS,4HIS,A,115,110,0.794,15.4,2.4,345.6,39.9,20,76,14,0.18,0.69,23.8,16.0,0.3,3MI,20,15,345.6,1.2
4EK3,4EK3,A,288,280,0.8574,56.1,1.3,1321.8,147.4,125,111,44,0.45,0.4,118.8,7.6,0.6,ACE,3,114,1321.8,1.34
4HJO,4HJO,A,278,274,0.8295,33.3,1.4,827.4,83.1,129,111,34,0.47,0.41,65.9,5.1,1.1,AQ4,29,942,827.4,2.75
4CTS,4CTS,A,437,433,0.717,9.5,3.3,163.9,19.6,263,87,83,0.61,0.2,14.2,1.7,2.8,OAA,18,15,163.9,2.9
4INS,4INS,A,21,17,0.6039,28.4,12.4,94.8,32.3,12,4,1,0.71,0.24,37.3,8.6,0.5,NONE,0,15,94.8,1.5
4ICB,4ICB,A,76,72,0.7996,71.7,4.4,1237.3,170.1,49,14,9,0.68,0.19,104.7,1.0,2.0,NONE,0,27,1237.3,1.6
4EKW,4EKW,A,208,204,0.7496,20.4,5.7,400.3,47.7,141,13,50,0.69,0.06,28.5,0.5,2.8,MSE,352,1054,400.3,3.21
4ENL,4ENL,A,436,432,0.8065,43.8,2.2,1193.0,101.3,213,145,74,0.49,0.34,84.6,6.0,0.7,NONE,0,414,1193.0,1.9
4I22,4I22,A,297,293,0.8348,41.4,1.7,1005.8,109.3,139,118,36,0.47,0.4,81.4,6.8,0.6,IRE,31,821,1005.8,1.71
4IBS,4IBS,A,193,189,0.8846,17.8,1.2,683.2,70.8,37,119,33,0.2,0.63,47.2,13.4,0.8,NONE,0,279,683.2,1.78
4LDJ,4LDJ,A,170,166,0.7976,44.5,3.3,736.3,93.4,75,71,20,0.45,0.43,93.7,5.0,0.3,GDP,40,19,736.3,1.15
4IBT,4IBT,A,196,192,0.9069,20.9,1.1,1178.6,114.2,40,120,32,0.21,0.62,65.9,11.2,1.0,NONE,0,279,1178.6,1.7
4K34,4K34,A,381,377,0.6865,69.6,32.0,1762.0,149.9,276,57,44,0.73,0.15,94.0,4.0,1.9,NONE,0,381,1762.0,2.69
4K33,4K33,A,293,289,0.8512,34.6,1.5,683.6,89.6,123,120,46,0.43,0.42,77.4,3.7,0.9,ACP,31,604,683.6,2.34
4MRB,4MRB,A,115,111,0.8003,14.7,1.9,222.4,33.7,22,76,13,0.2,0.68,18.4,16.0,0.3,NONE,0,72,222.4,1.27
4MXO,4MXO,A,266,262,0.8677,31.5,1.5,2626.9,167.8,117,98,47,0.45,0.37,65.8,5.2,0.8,DB8,72,363,2626.9,2.1
4NH7,4NH7,A,207,203,0.8472,61.6,5.4,1848.3,188.1,102,74,27,0.5,0.36,116.1,8.3,1.6,E0G,66,52,1848.3,2.0
4PTI,4PTI,A,58,54,0.8767,19.9,1.2,413.1,63.6,15,28,11,0.28,0.52,62.0,4.8,0.8,NONE,0,49,413.1,1.5
4MNF,4MNF,A,257,253,0.8298,31.9,1.5,711.3,80.7,116,92,45,0.46,0.36,66.7,3.0,1.4,29L,50,715,711.3,2.802
4IWJ,4IWJ,A,158,154,0.6544,129.0,69.7,2593.5,246.3,125,17,12,0.81,0.11,157.0,12.9,2.1,YCM,72,59,2593.5,1.95
4O07,4O07,A,209,205,0.8312,75.3,5.5,1433.8,181.4,103,76,26,0.5,0.37,141.0,11.3,1.8,FGH,32,109,1433.8,1.86
4Q21,4Q21,A,169,165,0.7788,24.6,3.0,491.9,53.7,73,70,22,0.44,0.42,50.4,5.2,0.4,GDP,28,67,491.9,2.0
4PEP,4PEP,A,325,321,0.8654,11.7,1.0,764.5,53.8,67,201,53,0.21,0.63,25.9,10.0,0.4,SEP,10,259,764.5,1.8
4QXV,4QXV,A,116,112,0.7962,14.0,1.9,172.7,30.8,20,77,15,0.18,0.69,28.5,13.0,0.3,LU2,42,76,172.7,1.12
4MDH,4MDH,A,333,329,0.8235,22.6,2.7,1011.2,74.1,154,116,59,0.47,0.35,44.6,4.2,1.0,NAD,88,114,1011.2,2.5
4TQ8,4TQ8,A,116,112,0.7453,12.1,2.0,111.5,21.5,21,76,15,0.19,0.68,15.1,13.6,0.7,7BD,40,15,111.5,1.52
4TLT,4TLT,A,114,110,0.8378,18.1,1.5,436.0,57.7,19,75,16,0.17,0.68,19.5,21.5,0.4,OCS,18,72,436.0,1.7
4MNE,4MNE,A,286,282,0.9132,59.7,2.4,8923.1,534.5,139,110,33,0.49,0.39,116.3,5.9,0.9,573,135,175,8923.1,2.8483
4ZQK,4ZQK,A,115,111,0.8583,20.0,1.7,903.7,88.2,18,76,17,0.16,0.68,3.4,28.1,1.4,NONE,0,55,903.7,2.45
5A7B,5A7B,A,196,192,0.8614,13.6,1.2,509.1,49.0,41,120,31,0.21,0.62,36.0,9.2,0.8,KMN,62,283,509.1,1.4
4U7Z,4U7Z,A,291,287,0.803,27.3,1.6,475.5,58.2,134,108,45,0.47,0.38,53.5,5.8,0.6,ANP,35,177,475.5,2.7
4ZAU,4ZAU,A,283,279,0.8729,38.3,1.3,1708.7,148.8,117,114,48,0.42,0.41,87.4,3.5,1.1,YY3,37,823,1708.7,2.8
4XV2,4XV2,A,247,243,0.8314,54.4,1.9,1044.0,130.6,114,96,33,0.47,0.4,112.1,4.1,1.4,P06,70,648,1044.0,2.5
5AOJ,5AOJ,A,195,191,0.8546,14.2,1.2,398.2,44.1,37,120,34,0.19,0.63,33.4,12.1,0.9,Y0V,34,223,398.2,1.47
4PFK,4PFK,A,319,315,0.7445,23.7,4.4,267.9,43.1,154,114,47,0.49,0.36,40.6,9.1,3.6,ADP,54,89,267.9,2.4
5E6E,5E6E,A,141,137,0.7163,134.5,38.0,1459.3,229.6,111,13,13,0.81,0.09,165.7,0.7,1.6,MBN,14,5,1459.3,1.76
5HVP,5HVP,A,99,95,0.7232,5.2,1.8,119.5,14.0,9,70,16,0.09,0.74,14.9,5.0,0.7,STA,23,91,119.5,2.0
5ABA,5ABA,A,195,191,0.8368,12.3,1.1,367.3,37.6,41,120,30,0.21,0.63,29.4,9.4,0.7,UL7,46,283,367.3,1.62
5CSC,5CSC,A,429,425,0.7107,10.2,2.9,231.6,19.9,261,80,84,0.61,0.19,15.4,1.9,1.9,NONE,0,187,231.6,2.8
5RXN,5RXN,A,54,50,0.7191,2.0,0.6,14.6,3.5,13,25,12,0.26,0.5,1.7,3.0,0.3,NONE,0,3,14.6,1.2
5PTI,5PTI,A,58,54,0.8215,10.0,1.1,114.6,23.6,17,29,8,0.31,0.54,24.6,4.1,0.3,UNX,1,49,114.6,1.0
5G4N,5G4N,A,197,193,0.9218,31.1,1.2,2501.7,191.1,40,119,34,0.21,0.62,120.7,9.6,0.9,O83,20,283,2501.7,1.35
5TTR,5TTR,A,116,112,0.7646,13.2,1.9,182.2,27.2,20,77,15,0.18,0.69,8.8,16.8,0.3,NONE,0,107,182.2,2.7
5ABB,5ABB,A,443,439,0.8244,42.0,5.4,2118.6,134.5,274,80,85,0.62,0.18,66.3,1.6,1.7,NONE,0,29,2118.6,8.0
5P21,5P21,A,166,162,0.8388,40.8,2.5,1394.7,137.1,72,72,18,0.44,0.44,84.5,7.3,0.4,GNP,32,133,1394.7,1.35
5TIM,5TIM,A,249,245,0.858,48.6,2.1,2750.0,198.7,124,88,33,0.51,0.36,92.8,4.3,0.7,DTT,8,27,2750.0,1.83
5E83,5E83,A,141,137,0.7004,133.3,45.4,1724.5,227.6,110,14,13,0.8,0.1,165.7,0.9,1.2,5L7,24,124,1724.5,1.8
5FL4,5FL4,A,251,247,0.9124,19.5,0.9,1530.3,113.3,53,156,38,0.21,0.63,73.5,5.6,1.1,9FK,96,223,1530.3,1.82
6E6C,6E6C,A,164,160,0.8503,62.0,2.9,1342.4,173.4,70,72,18,0.44,0.45,134.6,6.9,0.4,GNP,32,98,1342.4,1.9
6CFR,6CFR,A,245,241,0.8567,53.8,3.1,3620.9,251.3,112,90,39,0.46,0.37,110.4,6.4,0.6,NONE,0,112,3620.9,2.07
6GOF,6GOF,A,172,168,0.8089,55.8,4.6,1132.3,134.6,80,70,18,0.48,0.42,111.4,6.4,0.4,GNP,32,166,1132.3,1.98
6ADH,6ADH,A,374,370,0.759,4.8,1.0,121.2,11.8,107,168,95,0.29,0.45,8.1,4.6,1.3,NAD,88,313,121.2,2.9
5MO4,5MO4,A,429,425,0.8593,31.9,1.2,1212.3,93.8,165,195,65,0.39,0.46,76.1,4.8,1.2,NIL,39,366,1212.3,2.166
5IKR,5IKR,A,550,546,0.8329,39.9,1.6,1003.8,104.1,284,173,89,0.52,0.32,74.3,3.2,1.4,COH,146,204,1003.8,2.35
5VBE,5VBE,A,163,159,0.8178,42.0,3.8,613.8,99.6,66,69,24,0.42,0.43,95.0,5.8,0.5,GDP,40,98,613.8,1.57
6CFZ,6CFZ,A,66,62,0.7201,213.7,52.9,2628.2,446.3,61,0,1,0.98,0.0,217.1,,1.1,NONE,0,59,2628.2,4.5
6OIM,6OIM,A,167,163,0.8609,67.6,3.7,2811.6,262.6,73,71,19,0.45,0.44,144.7,6.3,0.4,MOV,41,88,2811.6,1.65
6O0K,6O0K,A,141,137,0.7122,134.8,42.6,1539.5,222.9,110,9,18,0.8,0.07,167.6,0.4,1.6,LBM,61,96,1539.5,1.62
6LYZ,6LYZ,A,129,125,0.7996,11.4,0.9,148.6,25.0,58,32,35,0.46,0.26,23.3,1.4,0.8,NONE,0,7,148.6,2.0
6GST,6GST,A,217,213,0.7783,33.0,4.0,412.4,65.5,128,56,29,0.6,0.26,53.5,2.4,1.7,GSH,40,168,412.4,2.2
6FUL,6FUL,A,478,474,0.86,51.9,2.4,2054.4,168.3,189,226,59,0.4,0.48,121.4,7.1,1.0,E7Z,12,1301,2054.4,1.649
6JT1,6JT1,A,542,538,0.8778,76.5,4.0,7154.5,364.3,275,200,63,0.51,0.37,146.4,4.0,1.8,HEM,43,116,7154.5,3.9
6JT2,6JT2,A,506,502,0.8337,59.2,4.6,1962.5,188.2,265,185,52,0.53,0.37,107.9,5.9,1.0,G2P,32,118,1962.5,3.8
6MBU,6MBU,A,169,165,0.8189,54.5,3.2,1119.2,134.0,71,72,22,0.43,0.44,122.1,4.4,0.4,GDP,76,159,1119.2,1.45
6PFK,6PFK,A,319,315,0.8306,51.0,2.9,1686.1,148.6,160,115,40,0.51,0.37,85.7,20.5,0.3,PGA,36,81,1686.1,2.6
6MBT,6MBT,A,170,166,0.8036,42.4,3.9,585.6,91.4,74,71,21,0.45,0.43,89.6,5.6,0.4,GDP,74,163,585.6,1.45
7CKZ,7CKZ,A,236,232,0.8566,62.4,3.2,1445.2,182.5,120,72,40,0.52,0.31,117.1,5.0,1.9,G4C,30,26,1445.2,3.1
7RSA,7RSA,A,124,120,0.8851,29.5,1.7,845.3,99.9,35,69,16,0.29,0.57,92.7,4.1,1.2,TBU,15,9,845.3,1.26
6WHA,6WHA,A,244,240,0.8682,587.3,45.7,38403.2,2771.1,199,16,25,0.83,0.07,707.8,0.6,3.6,U0G,23,167,38403.2,3.36
9HVP,9HVP,A,99,95,0.6258,3.8,1.7,50.0,6.2,11,72,12,0.12,0.76,6.0,4.0,0.4,0E9,54,91,50.0,2.8
6WH4,6WH4,A,378,374,0.7289,48.5,16.4,1542.9,116.6,299,32,43,0.8,0.09,60.0,0.8,4.0,89F,72,134,1542.9,3.0
7DFP,7DFP,A,335,331,0.7113,146.8,51.0,2302.3,266.2,276,30,25,0.83,0.09,175.8,1.4,1.7,SIP,29,49,2302.3,3.1
6TPK,6TPK,A,460,456,0.8289,162.5,20.1,11468.5,748.1,315,96,45,0.69,0.21,233.7,3.8,2.3,NU2,36,282,11468.5,3.2
8ADH,8ADH,A,374,370,0.8081,11.3,1.1,532.2,34.2,134,172,64,0.36,0.46,21.1,7.6,0.8,NONE,0,289,532.2,2.4
9RNT,9RNT,A,104,100,0.8534,26.9,1.0,383.6,67.3,24,53,23,0.24,0.53,100.9,5.0,0.3,NONE,0,21,383.6,1.5
7QVM,7QVM,A,210,206,0.905,146.3,4.0,8953.8,701.0,107,66,33,0.52,0.32,278.8,4.0,1.7,NH2,1,300,8953.8,3.25
9ILB,9ILB,A,153,149,0.6875,3.8,1.5,74.7,7.7,16,113,20,0.11,0.76,6.4,3.8,1.7,NONE,0,35,74.7,2.28
9PAP,9PAP,A,211,207,0.8501,14.5,0.9,286.8,39.0,68,90,49,0.33,0.43,39.8,3.1,0.6,MOH,58,72,286.8,1.65
